TAZ_ID,Inbound,Outbound,Outbound Commuter,Resident Worker,Long Term Visitor,Short Term Visitor,Inbound Commuter,Home Worker
1074,6156,6876,2,95,9,5,6,42
507,7168,7005,10,91,14,3,3,65
534,2092,2465,0,31,1,0,3,19
27,24255,12071,12,133,47,14,10,62
365,1925,2502,0,23,7,1,0,20
150,7125,6815,1,68,32,8,4,42
134,569,822,0,5,0,0,0,3
880,15062,14404,4,136,41,8,1,81
1184,1143,1013,0,7,17,0,0,3
79,1702,1063,0,12,0,0,2,8
1321,1709,1805,0,29,7,5,0,15
808,8187,7094,3,37,109,14,3,30
839,5053,5111,2,58,13,3,4,49
1229,5641,5085,1,45,10,1,0,26
914,30481,29513,12,110,326,33,6,72
7,1053,1434,1,18,0,1,0,7
1119,4409,5025,0,36,5,2,3,35
16,373,3025,0,0,0,0,0,1
809,8917,7862,0,52,115,14,1,34
667,18804,18773,13,358,34,13,14,208
12,7133,9630,13,76,25,8,3,52
1208,3549,3418,2,37,4,3,2,29
828,2105,3210,0,17,4,2,0,8
1132,11512,12254,5,107,10,4,0,70
488,1707,2987,0,15,0,0,0,9
787,12430,13826,10,185,34,5,10,115
1199,2613,3115,3,36,1,2,4,21
558,2196,2253,0,15,2,0,0,17
888,32767,35585,16,421,53,9,3,277
73,6617,7424,2,93,6,0,0,56
433,4158,3887,0,36,3,1,1,27
67,8263,8488,4,97,16,11,10,58
818,2492,2805,1,26,10,3,1,16
379,994,864,0,15,0,0,0,6
49,28315,17110,5,194,50,25,29,78
323,10536,10045,3,92,12,2,3,72
718,7487,5884,1,82,17,3,4,46
856,4900,4964,0,58,2,0,0,47
217,2392,2158,1,22,5,1,2,22
1010,3987,4200,5,19,38,11,1,13
483,4711,4605,3,66,9,0,1,56
661,3391,4059,1,61,4,3,0,26
130,5057,5142,3,55,9,6,4,27
1130,6068,6748,1,57,6,0,0,45
518,1834,2150,1,17,6,4,2,13
1241,7291,7282,2,85,9,1,0,84
1306,228,192,0,3,0,0,0,0
897,233299,181856,77,557,901,122,82,318
1035,4291,4478,4,45,22,8,0,19
1346,1122,2558,0,16,4,0,0,7
725,9215,8965,13,132,25,15,6,67
705,1084,1128,2,11,4,0,1,9
1129,13514,13301,2,128,31,5,0,68
77,4038,4567,1,56,23,5,0,30
672,3906,3516,0,45,5,4,6,12
1250,2143,2290,0,32,6,0,0,22
655,9836,10187,7,166,15,3,3,88
652,393,449,0,9,0,0,0,1
1216,4690,5148,0,75,22,4,0,25
662,7179,13908,2,87,15,7,0,59
530,803,1404539,0,8,0,0,0,1
721,3999,24439,0,72,21,4,4,17
899,20629,27311,9,66,247,31,20,42
879,13054,13462,7,117,15,2,0,82
998,5244,5288,1,85,12,2,0,39
1323,2092,2220,0,37,2,0,0,11
34,3244,3344,1,20,6,8,6,11
163,2470,14167,0,35,2,1,0,13
336,1466,1703,0,18,4,1,0,12
503,5524,5425,8,40,10,14,8,22
1231,2879,3010,0,38,20,7,0,16
598,6729,6390,0,90,17,19,7,28
139,2680,2704,0,30,0,2,0,20
118,6306,6642,4,81,9,0,0,49
226,4966,4081,5,29,14,12,2,24
1297,7328,6578,0,72,13,1,0,53
1226,20185,20262,10,153,32,5,4,83
892,84,18306,0,0,0,0,0,0
1242,3214,3099,0,45,7,2,0,32
1327,2486,727,0,7,3,0,0,1
199,6944,7237,3,139,8,3,2,86
862,7424,9022,6,107,30,4,0,58
572,2922,2431,4,19,1,0,3,9
315,3827,4160,3,37,7,4,3,20
803,5603,5212,0,19,81,7,0,14
794,5884,6448,2,89,13,0,0,58
1079,1794,1580,0,17,4,3,0,4
908,27020,28865,17,123,372,34,13,61
796,18598,16636,9,148,148,20,7,105
529,1577,1197,0,11,3,1,0,4
334,231956,3432,0,34,9,0,0,34
1040,7807,7526,1,94,52,3,2,62
362,770,4391,0,8,1,0,2,1
3,20022,17574,15,138,53,55,31,85
62,2707,2314,0,21,11,0,2,14
1198,5226,5453,3,78,12,5,5,25
736,1687,1393,0,25,5,0,0,10
392,347,1340,0,5,0,0,0,4
1338,2623,3365,0,22,2,2,0,17
104,939,890,0,10,1,0,0,8
754,3944,3734,0,54,8,0,0,18
403,1121,1721,0,8,2,0,0,5
1038,7438,7337,2,90,50,7,7,19
749,1497,1146,0,14,1,0,0,8
776,798445,339,1,6,0,2,0,0
644,1885,1259,0,23,4,1,0,3
326,1297,1459,2,8,1,0,0,13
103,5089,5869,4,62,16,8,7,26
1188,5809,5717,0,72,9,2,7,42
574,1203766,5379,6,64,6,6,4,26
317,10356,1663,1,14,0,2,3,6
475,1785,15015,0,24,4,1,0,13
208,14175,13593,8,208,15,7,3,130
311,6704,6214,1,71,14,4,0,32
885,1432,1649,0,14,3,0,1,10
322,3062,3115,0,26,2,1,1,24
1145,16859,15144,14,192,120,26,28,126
462,2497,2508,0,28,16,0,0,24
431,872,1589,0,6,0,0,0,6
57,851,1097,0,10,2,2,0,0
1006,23381,23679,11,245,28,3,5,132
771,5510,5365,0,51,3,4,0,37
586,1911,2375,1,27,4,1,0,16
544,3784,3674,0,38,3,1,0,25
155,3197,3835,3,40,2,2,1,22
564,1842,2238,3,13,0,0,0,15
1336,693,2183908,0,4,3,0,0,1
517,1653,1911,3,18,5,4,4,11
1000,934,1186,0,13,6,0,0,7
228,1550,1515,1,11,6,11,2,2
406,2340,11483,0,12,1,0,0,20
363,458,209,0,1,2,1,0,0
761,1354,1008,0,14,0,0,0,18
1179,471,395,0,4,1,3,3,5
1276,1938,2620,0,8,24,21,0,7
223,488,1408,0,7,0,1,0,0
653,920,812,4,8,0,0,0,4
212,2713,2781,0,36,12,3,0,11
872,18242,10527,6,152,35,9,3,85
1148,5481,6283,5,30,87,4,0,24
948,15604,15724,6,167,95,13,16,65
1308,940,1112,0,1,14,0,0,0
1110,581,2070174,0,6,5,0,0,0
592,921,1136,0,20,0,0,0,9
138,371,423,0,3,0,0,0,3
974,4992,7059,2,51,32,2,0,19
204,2837,2882,2,39,1,0,0,31
679,2005,2151,0,15,1,0,0,12
450,5047,5401,2,76,9,5,2,39
4002,515218,519576,93,48,351,442,111,52
945,8437,8707,0,86,37,0,0,52
442,1505,2145,2,25,1,0,0,13
1054,1917,2140,0,21,0,1,0,14
643,5909,5911,1,77,16,11,4,42
158,3252,3971,1,35,24,3,0,15
758,6461,6285,2,75,9,1,0,52
1331,2019,8531,2,11,0,0,0,10
1141,16783,16944,3,37,230,10,8,17
1162,1457,1536,0,18,0,0,0,10
954,4975,5075,3,45,20,4,1,28
1281,15441,24409,2,35,264,143,1,28
449,2400,2903,4,41,5,4,3,19
1303,979,727,0,18,0,0,0,8
790,8189,7809,1,93,21,5,2,35
115,311519,4762,4,62,7,6,0,44
1335,1835,2018,3,14,12,0,0,11
373,1633,2537,0,34,4,0,0,5
722,3260,3442,0,59,6,1,0,16
562,855,1563,0,12,0,0,0,6
951,14847,14535,6,183,25,5,4,110
783,1876,2415,3,54,9,2,0,28
4,628,1376,0,6,2,6,0,3
708,932,904,1,19,0,0,1,2
179,1330,1245,0,17,2,0,0,5
902,81719,76226,41,329,557,70,50,164
727,8430,10334,7,137,20,8,7,88
429,2261,2659,0,27,1,0,0,14
714,3820,3356,0,51,7,6,3,18
476,5831,6179,4,68,30,1,0,55
590,2999,2896,0,51,6,0,1,21
1322,948,660,0,7,1,0,0,10
1155,3310,2990,0,28,4,0,0,19
1121,3393,3408,0,32,11,1,2,22
595,1219,1242,0,12,12,3,0,11
634,4793,5193,4,67,2,0,3,50
210,10244,20922,6,110,15,1,2,71
481,8764,9334,1,100,72,11,5,65
44,2280,2389,1,28,2,3,0,11
343,2010,2326,0,14,2,0,0,20
1288,982,926,0,8,0,0,0,6
397,416,671,0,0,0,0,0,8
584,2628,3350,0,21,3,2,0,17
683,7188,9277,6,111,37,19,3,38
615,2738,2809,0,27,4,4,0,35
691,4335,3967,1,27,7,2,1,29
1196,922,791,0,10,3,1,0,2
1018,8428,7880,1,46,89,13,6,23
1056,511,332,0,5,0,0,0,2
1084,2652,2693,0,32,8,4,6,13
735,4845,5153,1,61,6,4,0,37
901,5315,3681,9,78,35,3,3,68
980,3630,5980,0,21,99,14,0,1
26,5136,19031,6,43,22,6,7,18
931,17313,22176,1,130,220,31,20,58
738,3322,2572,3,43,7,0,0,21
4005,2334213,2355908,473,368,1406,1822,754,330
654,2679,2938,1,42,11,0,0,26
1083,12478,1175,0,14,1,0,1,6
319,1895,1954,0,15,0,1,6,16
773,10472,10304,1,106,17,0,0,60
1123,2806,3241,0,23,8,5,3,24
123,4980,6458,6,44,15,1,0,37
510,7015,6038,10,65,13,7,16,40
1171,3783,4116,0,31,5,3,0,23
133,4406,4531,4,51,5,3,4,25
105,6617,7129,2,85,10,4,10,42
76,3962,3819,2,38,2,1,9,21
765,2888,3275,0,38,4,1,1,18
305,8005,6989,0,71,14,13,7,51
871,8588,9532,2,75,23,4,0,47
947,8108,7566,5,94,25,11,8,44
585,8369,9209,0,124,17,8,3,68
1143,4464,4264,9,36,53,11,6,11
893,248,21045,0,0,1,0,0,0
583,229,2056,0,0,2,1,0,1
1131,9379,9134,1,103,7,3,0,65
1036,3468,3399,1,53,10,1,3,7
1293,54,12299,0,0,0,0,0,0
102,5986,6451,4,85,10,12,4,23
618,1731,1765,0,24,1,0,0,14
211,4468,4845,0,62,4,0,0,28
1003,571,110,0,0,0,0,0,0
1032,14014,13441,9,122,58,34,6,81
466,1474,2329,0,6,1,0,0,11
887,680,31512,0,6,3,2,0,4
353,2087,2020,2,38,5,1,1,5
366,3909,3562,0,41,7,0,0,22
830,1484,2215,0,15,0,0,0,14
202,2832,3179,1,38,7,3,1,25
1348,1944,1521,0,15,5,0,0,8
1311,32169,2700,1,33,10,3,1,12
516,4654,4380,0,43,10,3,13,31
797,14142,13899,4,195,28,5,1,106
1272,3371,3658,2,22,39,14,0,20
407,130,491,0,0,0,0,0,0
686,6228,5648,1,49,12,6,5,31
1194,963,747,0,8,1,0,0,2
191,3247,4131,2,28,15,2,0,29
938,12718,5029,1,50,55,8,2,33
767,4678,4702,0,52,3,0,0,36
1114,9126,8449,1,84,29,9,1,66
47,4555,5303,1,68,3,1,8,22
452,1838,2175,0,27,4,1,0,13
10,1497917,71,0,0,0,0,0,0
506,10144,9581,13,106,18,12,29,66
997,1793,1895,0,29,4,0,0,17
89,10935,11342,4,130,29,15,13,62
792,16585,24978,13,208,92,47,3,107
990,4852,5013,1,46,48,9,0,28
589,11959,12057,17,195,20,13,9,81
528,1356,1461,0,11,3,3,0,16
982,421,60530,0,1,6,0,0,0
1243,6528,7679,0,112,6,0,0,74
649,1883,35,0,0,0,0,0,0
680,3038,3063,0,26,2,0,0,24
533,824,1096,0,11,0,2,0,4
1055,520864,3660,3,34,14,2,0,17
837,91170,1336,0,12,1,2,0,7
620,5997,6249,3,92,16,2,2,39
1021,3989,3458,2,14,53,4,0,9
785,3870,3728,7,134,27,3,6,71
543,372,307,0,1,0,0,0,1
1128,10275,8627,2,77,13,2,4,48
1222,23563,2582,3,10,23,8,3,11
1252,4159,4063,0,50,8,1,0,35
4001,1726414,1726814,265,227,824,989,297,219
159,4924,5074,2,45,11,7,2,29
1156,1898,2652,0,25,0,0,0,19
4004,438466,438495,97,44,711,598,96,54
367,7689,9217,2,115,31,8,6,38
841,4258,4017,0,37,9,5,1,25
501,15216,14917,6,215,36,5,4,111
635,36306,37233,18,428,51,13,3,246
607,2185,1993,0,36,0,0,0,15
988,6345,6769,14,95,17,2,17,55
630,6442,7049,7,64,10,2,0,63
370,2434,2599,0,42,1,1,0,14
959,6191,7277,1,81,12,6,2,54
573,861,613,0,0,9,1,0,0
48,13826,15875,7,55,181,35,14,26
819,16179,15488,4,166,57,14,5,105
591,2045,1894,0,26,7,2,0,14
983,4349,4328,13,60,20,2,5,42
707,1451,1033,0,16,2,1,0,4
390,576,547,5,4,1,0,3,2
993,3295,4438,0,70,13,0,0,25
525,393,2292,0,4,5,0,0,2
515,172,245,1,0,0,0,0,0
142,4560,24290,0,68,4,0,0,47
769,1562,1308,0,14,1,0,0,9
1245,1521,816,0,10,1,0,0,4
1290,23013,113,0,2,0,0,0,0
99,5499,6193,1,92,7,0,2,38
933,12331,12010,3,38,183,11,5,12
554,1304004,2468,0,19,4,0,0,14
1154,8673,7787,4,76,27,4,6,49
1116,3045,3284,1,31,5,3,0,17
594,4770,4847,2,73,30,6,0,23
371,5376,5585,0,69,8,3,2,41
763,7250,6751,1,66,8,0,2,43
504,2638,2877,1,9,7,5,0,16
1305,45,905608,0,0,0,0,0,0
1235,15492,16988,7,213,35,6,2,129
593,7521,8006,5,126,19,16,5,49
641,19942,20084,25,269,35,32,15,146
430,8094,8058,2,67,0,1,0,50
587,2642,2382,0,23,9,0,1,21
851,3398,3732,5,33,1,5,1,17
601,3469,3360,0,58,9,2,0,20
1051,3433,3981,4,18,7,3,0,27
1069,4917,4561,1,45,11,4,0,26
820,39036,47765,12,357,194,51,15,197
5,2781,2982,0,27,1,1,4,13
218,14558,14532,6,178,24,3,0,99
121,1867,1831,1,17,1,0,0,11
68,6586,7312,6,76,9,7,7,50
36,6678,6419,4,56,16,4,2,41
335,3887,3934,0,40,2,3,0,38
1177,13822,34075,10,67,200,48,15,54
489,8262,8649,5,95,31,8,0,56
935,39493,38563,9,160,418,25,15,124
58,1360935,957,0,5,7,3,1,2
1065,440,1682,0,4,1,1,0,0
435,2132,2180,0,25,1,1,1,11
651,2175,895384,0,19,1,0,0,22
497,1747,1326,0,16,0,3,0,16
1319,2510,2822,0,53,2,0,0,32
459,1940,2454,0,34,14,0,1,10
111,7786,7426,4,73,6,0,1,59
109,6322,5844,2,62,6,1,0,46
999,3611,4072,2,67,12,0,0,31
308,5835,5911,3,56,8,7,4,54
445,4521,4226,5,56,14,5,0,24
1068,6459,6403,3,136,13,0,5,59
490,4633,4008,2,60,9,1,1,29
859,4258,6923,1,25,82,15,0,15
301,11286,6766,16,25,17,21,4,28
840,4678,2681,1,25,10,0,0,18
381,2742,2490,0,28,4,0,0,11
1158,3831,3713,0,33,2,1,2,20
941,1980,2408,0,10,33,0,0,1
312,8995,9084,9,90,12,3,0,58
444,572,1108,1,13,5,0,0,6
1195,2045,1985,0,19,4,1,2,8
538,1150,998,0,11,1,0,0,8
600,3782,3714,0,70,3,3,0,24
304,17272,21026,14,182,27,10,17,109
60,6168,6337,3,57,21,5,9,34
762,354,1716,0,1,0,0,0,0
1031,959,3702,0,7,2,0,0,7
1278,4384,7028,0,17,79,48,5,14
56,1511,1475,0,14,4,0,0,11
1224,5229,5054,6,54,17,1,4,42
1263,12258,11745,6,69,21,25,5,61
74,2745,3177,0,33,5,1,0,23
929,3636,3670,0,8,47,1,0,1
1227,2800,54,0,0,0,0,0,0
492,10360,10612,6,153,12,3,2,112
1060,5805,5726,2,50,7,0,1,47
401,1541,366820,4,11,0,0,0,5
1341,1699,5536,2,8,1,3,2,12
447,4439,9955,1,41,15,10,6,28
225,6016,6122,4,72,6,9,5,38
905,1476,1458,1,3,28,1,1,0
469,8661,8774,2,126,16,1,1,73
1113,1916,1960,0,15,2,1,0,11
576,1577,1718,0,17,7,0,0,5
1228,6965,6883,3,72,14,9,4,55
328,9144,9201,5,107,15,4,5,67
815,19129,19398,9,160,82,9,3,98
579,312,697,0,2,1,0,0,2
812,3221,2977,0,58,8,4,1,30
950,15167,15831,4,188,70,9,1,102
1219,3293,133,0,2,0,0,0,0
1109,38135,45313,10,197,403,37,19,119
377,1863,1752,0,20,0,0,0,8
1157,6296,6295,0,50,12,9,4,48
816,1080,970,0,15,1,0,0,4
795,30971,28230,10,371,142,26,15,218
409,641,1309,0,6,0,0,0,8
477,7564,8711,0,134,17,0,2,85
161,1788,14792,0,11,1,0,0,12
743,4692,4773,3,65,11,4,0,32
526,2211,102209,0,20,1,1,2,13
838,2915,2743,0,29,6,2,0,28
1146,27296,6762,1,28,114,11,0,25
78,4211,4451,0,62,3,1,1,29
416,2455,2629,0,21,0,1,0,18
854,3660,3910,3,62,4,1,0,11
734,1739,2352,0,30,0,1,0,15
1191,1192,1263,0,14,6,4,1,1
1108,3781,4196,1,10,72,5,0,15
1050,4420,4295,0,58,4,3,2,18
1176,6940,6905,0,15,142,14,2,12
1300,6004,6256,1,59,11,0,0,49
13,10190,10753,9,112,33,11,5,67
80,2349,2238,2,23,3,8,5,7
509,2177,2348,1,27,3,1,0,24
1002,42083,674,0,3,6,3,0,1
321,4714,4537,1,44,4,5,2,30
875,6654,7809,1,56,20,0,1,41
1049,20495,2465,0,23,4,2,1,15
145,7757,8368,2,112,8,1,0,61
915,21830,18478,7,165,205,16,4,131
704,2684,2972,2,33,5,3,3,22
788,16143,16056,8,217,45,7,5,121
1134,2812,2761,4,30,8,0,0,14
1325,169,170,0,1,0,0,0,2
1324,94,31,0,0,0,0,0,0
1112,1621,2033,0,10,3,0,0,8
1287,826,10029,0,7,3,0,0,1
918,2658,2985,0,11,48,0,1,9
82,7251,7402,6,86,11,4,2,49
567,928,336,0,2,0,0,0,2
173,1341,1303,0,18,1,0,0,6
360,1716,1661,0,24,2,0,3,2
685,2392,2775,0,26,4,0,0,16
1209,139,2249,0,0,0,0,0,0
61,1462,587678,0,13,5,0,1,12
755,2975,2552,0,41,7,1,0,21
891,44008,2902,1,23,16,1,0,16
1223,3738,3916,1,38,20,0,1,27
697,1473,1559,0,14,0,5,0,17
168,1402,1220,1,17,2,0,0,7
31,5596,5597,4,68,3,5,1,29
331,459,1239,0,2,0,0,0,2
313,3545,4290,4,40,7,0,0,18
432,12808,13305,5,125,11,1,0,72
995,1336,117,0,0,0,0,0,0
177,11139,11075,6,140,10,7,1,83
332,5052,5165,0,55,1,3,5,32
316,9332,9772,3,90,5,10,6,53
344,8263,8062,0,89,7,0,1,58
712,2999,3123,0,50,22,6,0,27
72,5077,4632,3,46,12,2,3,35
1268,193,2533,0,2,2,0,0,1
962,5122,5440,6,80,6,8,5,43
165,3553,3531,3,44,6,0,0,12
781,10728,11066,4,171,30,7,7,87
1210,7114,7409,4,87,11,2,1,37
961,1428,1614,0,19,4,1,4,6
668,14646,15053,9,180,22,5,7,123
198,7208,7422,4,118,15,3,2,70
100,7567,6876,3,103,12,2,0,51
482,17768,18241,11,260,37,14,4,176
861,6600,7060,1,77,12,3,2,41
622,7286,7265,3,84,6,2,6,49
183,3224,2981,0,43,2,0,0,23
376,1641,1642,0,20,0,1,0,7
1136,8577,9784,5,86,11,0,0,53
666,9568,9462,6,99,4,1,0,67
864,6413,6103,0,49,5,0,0,57
1240,653,941,0,6,0,0,0,5
101,14171,2215,1,24,0,1,4,15
690,2522,2335,3,22,0,0,0,13
1215,1350,1377,0,20,0,0,0,9
928,13330,5997,0,12,124,5,1,12
1207,2894,3102,0,25,8,3,3,22
35,2686,2571,0,22,4,4,4,21
1168,1740,1882,1,22,2,0,0,2
719,14309,11329,7,201,28,7,9,55
580,1185,2368,0,14,2,1,0,5
1271,8860,8607,6,104,18,0,1,68
147,7126,7713,3,89,17,2,1,57
1167,406,1205,0,3,0,0,0,4
1172,1013,804,0,14,0,0,0,1
656,1845,1575,0,28,5,1,0,4
389,127,436,0,3,0,0,0,1
568,6971,7090,4,59,4,0,1,43
733,4813,4863,2,62,12,6,2,41
152,1580,1216,0,10,3,0,0,8
320,2344,2685,0,19,3,0,0,12
1282,2228,1955,0,0,21,20,1,1
37,10013,10208,6,137,25,5,12,63
750,1309,1302,0,6,2,0,0,14
939,814,999,0,8,23,0,0,12
1269,6203,6205,0,73,20,8,0,52
83,102,2982,0,0,0,0,0,0
84,4779,4678,0,47,6,3,0,31
441,5756,6263,0,99,3,1,0,32
582,404669,275,0,0,1,0,0,0
216,2289,2193,2,18,3,1,0,26
1034,1184,543733,0,20,7,0,0,5
843,4879,5306,1,58,7,1,1,32
740,12542,2056,2,32,1,0,0,14
903,261958,225421,61,562,1053,188,94,296
638,7861,1311,4,7,5,11,2,2
581,1331,997,0,14,1,0,0,3
422,509,1167,0,8,0,0,0,1
665,8936,8896,4,82,14,12,2,50
1020,8761,7669,2,42,101,17,2,14
848,7682,8675,0,94,15,2,9,74
96,5358,5698,0,67,6,1,0,24
485,5339,5802,1,93,7,2,4,62
560,5557,5695,0,53,0,3,0,38
975,2157,3520,0,16,62,10,0,2
378,2071000,2055,0,15,2,0,0,15
352,12235,13389,6,180,40,12,28,58
1237,2857,2366,0,34,1,1,2,9
434,1247,1400,3,15,0,0,0,8
1292,3098,2404,0,32,2,0,0,22
1152,2136,2429,0,15,15,1,1,17
438,2032,2092,0,18,3,1,0,15
513,3382,3732,2,49,4,2,3,24
963,3204,3202,0,25,7,6,0,21
419,737,800,0,7,0,0,0,8
22,12925,1999,0,14,4,8,2,12
1072,24294,24447,11,207,48,8,7,156
463,4700,4608,0,46,9,4,1,72
853,6450,7198,1,63,42,9,7,40
437,10604,11068,2,135,9,6,8,60
855,3395,3800,1,31,5,0,0,24
1102,11812,13038,11,92,186,19,16,69
310,11414,12824,9,128,18,7,7,79
845,4952,5324,0,40,24,0,0,21
1190,199576,425,0,1,5,0,1,0
805,9299,7932,5,38,137,3,1,17
695,4188,4182,1,53,9,4,4,22
889,14203,14128,5,198,24,1,3,93
756,3398,2857,0,34,10,0,1,23
531,1462,1644,0,8,3,0,0,15
570,229,2200,0,0,0,0,0,0
1044,1493,1831,0,19,2,1,2,4
1139,20315,3410,14,31,39,12,17,32
491,4051,4109,1,66,5,2,0,36
169,4450,4767,1,59,2,0,5,30
779,682,539,0,7,2,0,1,1
1029,5289,3080,3,37,16,3,4,9
801,53229,43988,22,347,483,57,17,185
18,5370,5231,1,47,7,12,11,41
1289,10658,12377,11,126,23,21,15,78
113,108,410,0,4,0,0,0,0
1255,3164,3216,0,29,0,0,0,22
1027,4673,4756,6,65,19,5,0,17
673,14259,15017,10,163,12,7,1,125
465,1025,1419,0,19,5,0,0,5
890,1130,2582,0,9,9,0,0,9
1211,9820,9835,0,99,36,4,0,64
701,1486,13236,0,27,6,5,1,7
1337,3995,4607,2,41,4,4,0,27
883,14203,14920,6,184,35,8,2,111
1254,404,394,0,4,1,0,0,2
98,908,852,0,13,0,0,0,2
1239,15272,3269,0,36,0,0,0,23
824,2955,3505,2,29,7,0,0,21
368,440,558,0,5,1,0,0,2
944,9693,9318,1,39,93,4,0,32
681,376,24902,0,6,1,0,0,2
789,8567,8922,1,127,28,13,0,71
555,3661,4407,4,39,0,0,0,22
382,4824,5234,3,67,11,0,4,30
303,1913,647,0,0,5,3,1,2
833,3606,3401,0,26,5,2,0,32
146,3119,2545,1,31,0,1,1,23
967,5474,6350,3,80,30,12,2,34
919,21110,3160,0,28,51,2,0,9
1103,23067,24588,10,71,314,21,18,26
55,6571,6415,5,60,11,4,2,37
136,13495,14356,4,157,15,1,6,108
536,623,348678,0,5,1,0,0,2
548,464,1417,0,6,0,0,0,5
784,2725,2710,2,87,10,0,2,62
566,1087,2068764,0,8,0,0,0,10
1279,2193,2072,0,16,12,2,0,21
117,8223,26560,2,105,5,2,0,54
926,634,1770,0,4,10,4,1,1
602,3489,1355,0,19,1,0,0,10
17,21827,20601,16,173,63,51,29,113
137,8956,8911,0,95,1,0,5,64
43,5533,5907,0,60,15,5,5,35
1299,985,3054,0,13,0,0,0,9
834,10250,17745,3,167,11,16,11,59
380,3141,3297,0,52,1,1,0,31
798,10241,9287,5,175,59,6,6,99
1329,565,931,0,0,7,2,0,1
753,1127,1316,0,21,1,0,0,5
642,2138,2182,0,19,10,4,5,14
817,7493,7199,1,76,52,5,7,45
849,5647,6309,1,66,9,2,3,46
172,5483,5333,2,48,13,3,2,49
9,1609,1479,4,6,1,0,1,8
495,20522,9940,2,117,15,2,0,116
827,20894,1536,1,21,2,2,2,3
33,6124,5772,2,62,8,12,6,25
372,6225,6275,1,62,10,3,2,47
128,15148,6499,2,70,10,6,4,64
1233,5277,5331,3,79,8,6,0,40
561,5747,4808,0,43,4,2,2,38
921,5477,4395,0,23,66,4,0,21
550,2006,2121,0,25,2,0,0,16
868,13398,13278,4,127,36,6,2,116
330,2907,3516,1,34,1,1,0,34
987,4976,5043,1,87,35,7,2,49
588,1670,1450,0,19,3,0,0,11
4003,1045292,1048501,513,400,920,1798,938,361
1048,632,849,0,5,1,0,2,3
1159,868,2920,0,6,0,0,0,8
992,12742,13129,6,209,25,7,0,115
428,7083,7914,2,67,4,1,0,55
148,12482,11604,5,132,20,5,3,82
1017,6563,6020,2,76,35,8,1,41
832,17947,18696,10,177,18,5,1,117
75,7101,7605,2,104,6,7,5,53
175,1211,452,0,2,0,0,0,5
203,12365,11828,1,179,21,8,4,97
1192,10030,7669,2,62,33,3,4,45
822,7064,7938,3,74,25,10,0,44
923,11857,9616,4,38,118,10,0,17
402,865,1257,0,2,0,0,0,3
577,396,1713,0,4,0,0,0,3
418,1148,835,0,8,0,0,0,7
608,605,967,0,7,1,0,0,9
1053,1457,7890,1,20,1,3,1,3
703,1120,866,0,9,1,0,0,10
193,9323,8848,7,142,19,6,2,85
1286,1649,683,2,2,2,0,0,1
396,1004,2437,0,16,0,1,0,3
971,4567,5705,1,43,63,21,0,17
709,2622,2781,1,42,3,5,2,13
1265,7062,26870,5,50,5,4,6,37
896,3125,21431,3,71,32,9,2,36
214,14272,14065,7,161,17,1,3,88
746,1212,1627,0,13,2,0,0,9
342,9786,10313,1,87,15,0,8,53
1315,3442,3297,0,40,10,0,0,24
627,8493,9446,0,129,18,3,1,53
910,8890,11577,2,89,109,7,2,65
107,1325,1841,0,10,1,0,0,12
348,3649,3950,1,30,4,0,0,24
1043,1129,350,0,3,0,0,0,2
454,4322,4189,0,60,11,2,0,22
842,11584,11425,1,99,47,20,5,66
1185,11807,11843,6,87,105,8,0,39
1070,17621,17884,9,211,25,7,6,147
728,15136,2221,1,41,2,0,1,14
20,3220,3706,1,33,3,5,1,27
907,1048,650,0,4,14,0,0,2
25,12818,14771,3,70,123,34,4,26
1150,924,117975,0,6,3,0,0,5
140,3727,4261,3,57,13,2,0,33
1328,293,3144,0,0,6,1,0,0
391,2232,1815,0,18,1,1,6,22
936,36029,35492,18,227,362,38,9,175
578,7507,7761,6,82,11,7,13,36
500,33044,34320,18,503,81,22,17,318
394,1257,2173,0,13,6,0,3,10
1023,1358,3149,0,10,23,3,0,5
847,1212,1746,0,8,2,0,0,14
811,2396,1475,0,14,17,4,0,4
1041,713,1523,0,4,5,0,0,5
742,4389,4620,0,61,2,4,1,20
949,33432,31588,7,270,162,22,6,147
369,500,871,0,8,0,1,0,1
19,4616,9966,3,45,13,8,4,19
70,4962,5387,2,58,16,4,6,50
65,5656,6629,2,86,5,1,3,46
1248,2262,2472,0,39,4,2,0,18
886,12377,11418,5,140,15,1,0,72
23,22522,1898,0,17,4,1,3,7
678,1034,499,0,9,0,0,0,3
405,77,1993,0,1,0,0,0,1
1230,443,539,0,7,2,1,0,4
324,14169,13093,5,126,22,4,10,77
825,1904,2599,0,18,2,0,0,16
688,5686,6238,0,78,20,5,2,27
934,22585,22961,6,71,287,17,6,52
1218,1873,1578,0,26,0,0,0,27
354,15267,17241,6,268,56,9,15,67
1024,4839,2158,0,20,17,2,0,7
1059,6157,5574,0,50,4,1,0,37
867,3860,5723,0,17,60,11,0,13
716,8176,5950,1,111,11,5,4,36
480,2416,2379,0,27,6,2,1,22
81,27348,6567,1,70,10,4,2,40
1125,622,617,0,5,0,0,0,6
456,149,910,0,0,1,0,0,1
774,9351,9972,5,146,18,9,0,56
696,1773,1733,0,23,0,0,0,8
205,5127,5320,0,75,10,0,0,43
1313,3346,3423,1,35,7,6,3,23
508,2414,8701,0,21,3,1,1,18
494,9504,9568,2,120,7,1,0,71
443,8221,8606,2,124,27,9,5,43
1169,695,593,0,3,0,0,0,3
479,3609,3694,1,48,4,6,0,34
1182,3210,4721,2,63,17,3,0,42
116,2669,2898,1,35,1,1,0,18
613,3315,2645,0,42,4,0,0,18
836,2892,2615,0,28,5,3,0,13
521,356,21105,0,4,1,0,0,2
1330,3099,3151,2,23,3,0,1,14
1085,376733,816,0,11,0,1,0,4
88,11689,10392,6,130,23,3,3,96
502,3108,3468,1,61,4,0,0,15
778,171,15532,0,2,0,0,0,1
1251,3991,4095,7,49,9,1,0,54
991,1038,2347,0,8,7,2,0,4
1178,5526,320,0,1,2,1,0,0
1264,11729,11215,9,65,12,39,26,43
1164,1988931,807,0,11,0,0,0,3
687,3365,5523,2,29,2,0,0,14
1280,1734,2212,0,5,24,14,0,9
339,4291,3488,0,26,9,5,3,27
952,33466,32726,10,407,70,20,4,201
460,3296,3178,2,30,29,2,0,19
64,19996,20282,12,205,73,25,18,111
777,1246,241,0,3,1,0,0,0
156,3844,3473,0,33,18,2,1,16
119,5628,5777,2,65,10,0,1,43
1201,600,28,0,0,0,0,0,0
782,4907,4644,7,89,15,0,0,37
1285,256,417,0,0,2,1,0,0
1314,27269,8848,2,107,22,5,0,64
318,6359,6538,3,69,5,3,12,31
512,8395,8695,13,111,24,14,12,60
91,4465,4694,0,43,9,6,0,35
969,11128,11255,0,111,17,0,0,74
1030,3617,4610,0,32,22,4,0,16
823,4809,4959,3,42,5,2,0,30
614,2714,2507,0,29,3,0,0,18
563,2785,2907,1,29,6,2,0,17
90,6127,7161,0,61,28,18,5,42
786,1193,1367,0,23,11,0,0,5
1298,3518,3801,1,45,2,0,0,32
207,10027,10181,4,133,4,2,1,82
650,3320,3080,1,42,9,0,1,27
423,915,664,0,3,0,0,0,8
1302,1858,2182,1,19,0,0,0,28
219,1671,1731,0,20,3,1,0,14
341,4752,4974,3,41,2,3,5,26
1039,10709,10581,1,138,37,8,8,58
751,7172,6951,2,87,8,3,2,72
559,3987,3691,5,36,7,1,0,11
575,1732,1786,0,13,3,3,0,8
1067,5909,5864,1,67,5,6,0,53
692,1545,1518,0,8,2,0,0,10
924,13771,9679,2,57,132,16,2,40
184,3694,3469,2,35,2,0,0,20
711,929,943,0,11,4,0,0,6
220,1592,1593,0,31,3,0,0,4
540,1451,1653,3,25,0,0,0,10
813,11539,11287,9,150,36,17,1,114
1217,334,289,0,3,0,0,0,0
596,4625,4385,4,73,23,4,2,35
977,166611,149672,28,247,1316,335,6,206
1009,3171,3150,4,16,8,8,0,23
973,7288,8382,0,41,94,19,4,22
717,5734,5644,4,85,18,7,5,34
174,684,1475,0,9,3,0,0,1
11,2257,1232849,1,15,7,8,1,5
160,536,981,0,5,3,0,0,4
333,29,6761,0,0,0,0,0,0
1151,743,509,0,3,3,0,0,0
149,3837,3739,0,45,5,6,2,19
682,6889,8840,0,98,33,3,1,29
844,4776,11803,1,39,24,2,1,42
874,6075,6970,0,69,11,0,0,34
59,6163,5910,2,57,7,2,0,34
835,11525,12069,12,167,31,12,14,64
520,469,985,0,3,1,0,1,3
421,647,466,0,4,0,0,0,2
913,18903,20951,9,66,294,16,3,34
412,1869,1940,0,18,2,0,0,6
858,5652,25640,3,63,40,4,0,28
744,3667,3640,0,62,8,0,0,30
436,1595,545,0,4,0,0,0,4
900,38086,48093,17,121,262,38,40,67
486,6997,6074,0,102,12,0,0,64
108,10056,10332,2,159,3,4,9,53
1257,66,65712,0,0,0,1,0,0
1133,6615,25129,0,72,12,0,0,35
930,12246,12743,1,49,187,7,2,20
865,7864,8117,3,91,34,10,2,62
873,1288,1430,0,11,13,4,0,2
24,2924,2630,0,25,2,3,0,28
1266,976,622,0,8,0,0,0,4
710,799,2171,0,8,1,1,0,9
41,8850,9677,11,74,8,4,3,45
532,1233,1540,0,11,2,2,0,14
957,9782,17446,5,121,50,22,12,47
1106,35949,34713,11,156,381,39,33,92
440,4118,4519,4,42,8,2,7,29
355,154,469,0,3,0,0,0,0
664,12463,13222,1,118,38,11,5,89
1082,417,2146078,0,1,2,0,0,3
1115,4376,3966,0,46,7,0,1,23
542,951,730,0,15,0,0,0,3
1320,814,1042,0,7,0,0,0,1
1111,695,1725,0,2,20,0,0,2
1274,1172,804,0,1,19,0,0,0
637,7515,8563,5,68,39,45,12,38
126,16498,15121,6,215,21,10,5,113
878,2066,3287,2,33,28,6,1,9
647,9135,1074,0,14,7,2,0,2
1122,720,1273,0,8,0,0,0,5
657,1159,1351,0,14,3,1,0,9
45,4937,5247,2,49,15,10,7,30
1220,2230,2517,1,32,11,0,0,12
1259,10984,11444,13,81,8,3,4,69
724,1889,1926,0,18,3,1,2,15
675,6597,6957,2,94,9,2,0,72
748,10144,8986,3,122,23,9,2,67
894,1458,628943,0,2,34,3,0,2
1183,296,7325,0,8,4,0,0,0
471,3383,3676,1,62,6,2,0,29
917,27406,31316,12,152,396,38,8,88
306,2260,2240,3,7,9,6,0,14
170,2389,2488,1,29,8,2,0,10
414,2283,2402,0,20,0,0,0,18
1283,820,1492,0,1,6,14,0,0
1144,13636,13685,5,147,142,17,18,44
1339,768,1150,0,3,4,0,0,9
1042,267,5278,0,2,0,0,0,0
424,11236,10511,2,98,10,5,0,55
759,3628,3392,0,34,4,2,0,24
182,2456,3474,1,30,4,0,0,22
63,9339,9594,8,101,46,11,9,51
176,3188,3480,0,35,10,0,0,18
1213,828,2052252,0,5,3,2,0,6
1080,27,3772,0,0,0,0,0,0
472,6659,8271,5,131,10,3,6,50
911,17177,16757,3,129,175,20,4,65
92,2040,2163,0,25,2,2,1,15
1025,9265,12977,1,29,149,42,0,10
1318,7480,7200,3,94,28,5,0,66
1180,3449,2771,2,27,19,13,7,24
1202,4806,5065,4,62,21,5,5,27
166,1989,2147,0,20,0,0,0,9
351,2294,2740,0,25,7,2,1,17
760,5716,5658,1,51,7,1,0,42
670,4365,4059,0,37,3,2,1,33
426,4349,3784,0,31,0,0,0,27
514,13579,16726,5,207,43,13,22,111
399,1369,1256,0,8,4,0,0,11
1149,14377,14373,7,107,139,14,3,77
127,5774,6010,0,81,18,5,11,44
157,3860,3176,1,33,9,2,0,13
660,638,1455,0,8,0,0,0,4
110,6158,6183,0,65,8,0,0,49
345,2480,2787,2,28,1,0,2,15
551,1234,1820,0,13,1,0,0,17
659,7755,7827,4,97,16,4,4,40
1124,3010,2439,1,24,10,0,0,16
1261,15344,16329,13,126,21,7,11,81
505,572397,740,3,4,4,4,0,3
599,18164,6212,3,89,16,8,9,34
201,6624,6819,1,59,4,2,0,39
617,805,830,0,9,0,0,0,4
28,973,1293047,0,1,0,5,4,4
739,2430,2306,0,31,3,1,0,26
904,76565,60433,15,205,496,46,35,97
611,6372,6802,2,95,13,4,5,45
604,3432,3299,1,42,6,1,0,35
1008,1062,1043,0,2,10,3,3,0
1236,242,1018,0,0,0,0,0,0
546,1962,1868,0,24,2,1,0,13
972,13810,26967,7,94,339,70,10,24
920,11738,9481,4,54,134,14,4,23
943,5687,5130,1,41,65,3,0,26
916,23747,23368,8,133,261,31,6,115
468,1918,1760,0,25,5,0,0,10
726,7393,7218,5,99,19,12,4,54
1046,3085,3321,0,38,10,1,1,10
181,2556,2663,0,33,6,0,1,21
677,1749,1909,0,18,2,2,1,6
1001,2223,1644,0,35,0,0,0,13
1007,19133,16454,8,120,55,17,6,81
411,2005,1674,2,17,0,0,0,7
1078,2850,2870,3,26,7,2,0,11
937,22737,19895,4,58,266,19,4,26
1225,16498,17072,10,238,29,13,2,171
978,30149,24440,2,35,307,80,4,24
869,1205,1765,1,10,1,0,0,11
539,1041,778,0,3,2,3,0,5
882,12675,12614,2,136,21,4,0,95
386,2141,1549,0,21,0,2,0,10
189,10358,9840,1,140,18,3,0,100
1011,4242,6087,5,7,75,20,3,10
729,3961,4081,1,74,10,8,4,24
942,1308,1760,0,7,36,0,0,2
384,1152,4508,0,18,0,0,1,4
955,10045,9701,3,70,76,16,4,65
1317,4936,4656,2,64,10,1,0,55
1349,2235,2901,0,34,5,1,0,5
359,500,2415,0,8,0,0,0,1
1296,26397,8391,0,72,7,0,0,50
1174,1343,1127,0,9,18,4,2,6
144,8901,8430,0,75,14,0,3,57
1200,4089,5636,2,66,12,7,4,30
1165,590,560,0,8,0,0,0,2
229,8756,8105,10,95,14,14,11,53
693,2412,2321,3,19,5,1,1,11
648,312304,1221,0,15,6,0,0,8
385,151,740,0,0,0,0,0,2
737,2519,2335,2,48,8,0,0,15
713,5554,5531,3,86,23,11,9,32
715,3956,3337,3,55,8,2,0,21
1205,4943,5397,1,76,6,6,6,18
877,7546,10824,0,27,168,32,1,18
1350,685,586,0,3,1,0,2,5
804,13577,11354,3,44,186,14,3,27
143,12234,25671,5,185,19,4,8,90
307,4015,3898,2,49,2,0,1,21
1120,450,1066,0,3,3,0,0,2
6,900,984,3,8,2,4,0,7
624,5163,7053,2,75,9,4,1,31
863,5602,6711,1,41,22,5,1,49
640,2067,2733,1,27,5,6,5,15
135,1836,2165,0,21,0,0,0,8
393,8767,908,0,9,3,1,0,6
1260,2991,2987,1,19,5,5,4,11
821,29878,10790,5,154,23,17,10,51
1,6158,6562,3,49,31,18,2,46
1117,3019,5809,0,25,16,3,2,15
227,1899,1881,2,22,7,3,5,9
1214,5879,5958,1,55,35,5,7,28
964,3938,4362,1,41,21,10,6,16
956,829,14275,0,15,9,1,0,3
1047,1384,2027,0,11,0,2,1,11
1270,15300,14832,2,206,29,4,0,108
420,2587,2566,0,20,2,0,0,25
1203,5981,5956,5,76,2,7,4,38
694,5790,5047,0,51,19,9,3,27
125,13242,12190,10,130,52,14,7,78
970,6737,6399,2,15,96,14,1,5
178,6097,5831,0,73,6,1,0,41
1019,4513,4330,2,35,41,8,0,21
415,723,945,0,7,1,0,0,6
132,2357,2291,0,25,1,4,0,13
1273,4479,4133,4,36,4,8,0,24
1232,23832,23204,9,319,44,16,7,181
1275,4920,6397,0,24,77,50,0,3
1181,1622,1924,0,37,6,5,4,22
1075,8271,8299,3,100,16,6,3,63
981,2113,4360,1,29,51,4,0,14
206,10598,10752,4,157,14,3,0,86
831,1891,1819,1,18,0,0,0,10
347,11206,11033,4,171,25,3,12,83
188,9737,10035,3,158,9,4,3,61
699,2474,2290,0,23,2,0,1,10
1187,8472,2582,0,20,15,0,0,16
357,842,577,0,8,2,0,0,2
14,779,1347672,0,8,1,1,0,3
196,206,887,0,1,1,0,0,0
151,3520,2635,0,28,2,2,0,16
698,1880,1981,0,25,2,2,0,19
8,5684,4529,2,45,13,7,4,30
1073,6135,5594,2,78,10,2,0,44
720,2598,2402,0,42,1,5,1,13
66,1375,1444,0,19,0,0,0,9
1062,2954,3370,0,41,4,0,0,30
870,4340,4461,1,55,8,2,0,35
457,11145,9229,2,127,22,8,4,63
807,18325,16439,3,115,207,31,4,51
187,14412,14051,9,164,24,4,3,110
522,575,1829,0,7,1,0,1,4
1212,10004,9779,4,112,26,9,3,66
221,4962,17420,2,70,3,6,3,29
131,2479,2464,1,21,3,0,3,20
153,1934,1686,0,17,2,0,0,17
1126,5101,5223,1,54,9,4,1,39
898,24455,22276,9,54,261,26,10,26
1334,21426,21528,7,133,212,15,7,102
413,7939,8181,3,77,11,2,3,61
1277,3993,4805,7,6,58,43,0,0
639,850,1159,2,13,3,3,2,0
470,3317,3695,0,50,4,1,3,15
799,63376,54785,22,211,468,48,16,97
1295,1699,3062,0,24,6,1,2,5
190,3598,4222,0,48,1,0,0,39
689,3955,3896,0,43,11,7,0,30
427,4141,4336,1,40,3,0,0,26
309,20405,20123,10,191,24,4,15,100
1016,1205,1216,0,13,8,1,0,5
222,1753,1739,0,17,2,1,0,12
461,3535,2972,0,42,12,2,1,23
446,2605,2882,0,36,8,5,1,21
994,6376,6438,2,99,24,1,0,57
154,12815,13827,5,163,13,6,5,99
1332,4966,5183,3,36,25,9,0,39
215,5718,6072,0,82,10,1,0,58
752,2757,2575,0,42,6,0,0,25
606,1556,1304,0,16,0,0,1,10
478,753,793,0,6,1,0,0,9
194,1529,1298,0,16,0,0,0,12
1045,1979,1674,0,20,2,2,0,10
314,943,1854,0,7,3,0,0,1
1294,39057,29675,12,132,385,37,15,76
932,42049,47458,10,179,533,97,21,101
439,5129,6292,8,80,4,14,8,20
185,16018,8119,1,85,9,1,0,61
966,4221,5006,4,55,36,11,3,23
349,1643,1627,0,12,0,0,2,12
51,2015,2251,0,15,6,0,1,13
1081,416,1622,0,6,1,0,0,0
325,9785,10583,2,100,11,8,11,59
195,9457,9646,0,110,7,4,2,65
358,804,920,0,12,5,0,0,1
54,9878,9785,6,99,15,6,7,61
621,3346,3541,1,49,3,1,0,24
1267,447,1021,0,1,0,1,0,2
1310,864,807,6,15,1,5,5,11
1301,5075,173,0,3,0,0,0,1
700,1819,1714,0,22,6,3,1,11
958,19367,20048,13,250,63,26,14,112
523,827,1635,0,5,10,3,0,1
1066,7965,7254,2,96,10,5,2,100
1107,6788,13153,0,18,98,8,4,15
979,1220,1905,2,5,28,5,0,3
1004,42,128299,0,0,0,0,0,0
69,3478,3545,0,39,4,0,5,27
866,928,13644,0,6,19,2,1,0
524,1286,1490,0,11,1,3,1,6
631,14082,15364,12,142,14,6,0,100
706,4598,4986,2,74,9,5,6,28
496,23706,23084,12,349,74,11,13,197
757,4605,4508,0,44,5,1,0,32
1316,1565,1608,0,25,2,1,0,25
493,6648,12109,3,111,11,0,1,76
846,2897,3024,1,35,1,0,1,11
46,1246,2362,0,18,4,2,2,5
87,8721,8655,1,115,9,2,4,64
775,30260,30350,8,384,43,8,7,192
398,511,315,0,7,0,0,1,0
1063,2791,2808,0,34,3,0,0,28
167,7144,7274,2,95,13,11,4,41
141,8443,8799,1,115,23,1,0,60
346,4270,4500,2,75,9,0,5,36
451,1355,1361,0,18,2,0,0,11
556,3953,4471,0,29,2,0,2,35
732,2914,2816,0,46,11,3,1,12
473,3085,3464,0,45,10,1,0,23
114,2442,2605,0,18,13,1,0,27
1326,1336,2028,0,27,6,0,0,20
1147,29261,10688,0,48,170,14,8,41
645,19049,6321,3,99,32,9,1,43
1291,925,155,0,2,0,0,0,0
71,6029,6638,0,90,21,8,8,35
609,1468,1694,0,13,1,0,0,8
909,27909,26323,11,110,319,36,8,65
302,9515,10321,13,59,19,36,19,42
1138,158,778,0,0,3,0,0,0
52,2650,2652,3,23,7,0,0,14
85,1847,1856,0,16,2,0,0,13
552,3307,23231,3,24,6,2,0,25
1058,2334,4521,2,22,1,5,0,16
464,2657,2377,1,28,6,2,0,25
802,3652,3884,1,22,54,8,0,17
1345,264,1014,0,2,0,0,0,0
912,4294,4550,3,45,36,3,0,43
230,2225,2755,1,31,9,0,0,24
565,842,1438,0,6,2,0,0,4
15,561,803003,0,2,1,1,0,5
448,9352,9673,2,121,26,9,5,65
764,4480,5178,0,47,9,2,0,28
106,4666,4391,2,55,4,3,1,35
658,281,3142,0,5,0,0,0,0
1057,3807,4812,1,50,2,0,0,36
1137,1851,2117,2,35,6,0,0,16
197,13504,12961,1,188,24,5,3,116
646,8551,8294,3,117,11,13,4,63
410,2395,3658,1,30,0,1,0,16
826,1949,3787,2,28,3,0,0,9
400,195,1706,0,0,0,0,0,1
747,5432,6657,3,82,6,1,0,37
487,6843,8623,1,68,19,3,0,50
499,52080,58963,23,772,115,42,26,475
881,9345,8423,0,86,7,1,0,46
337,1201,1313,1,14,5,0,0,6
1127,4316,3827,0,31,4,4,2,31
29,775,1032,0,3,1,1,2,5
1173,9018,29281,20,71,94,40,21,49
1028,21421,2939,0,30,14,8,0,15
458,6140,5937,2,73,23,6,1,47
1342,155,271,0,0,0,0,0,0
1221,2371,2279,7,18,8,8,3,9
857,3525,4534,0,39,6,1,0,23
986,1460,9776,0,10,139,27,0,14
455,5114,5140,4,72,9,0,0,31
1166,1312,1578,0,11,4,0,1,8
1118,7340,7253,0,41,70,5,1,28
1309,21587,3916,8,35,37,23,7,34
1284,1785860,3426,0,0,41,39,1,0
669,5753,6839,4,97,25,4,3,51
603,2414,2330,2,26,3,2,0,16
327,390,990,0,7,0,0,0,1
50,4539,4559,6,49,9,1,5,31
940,1780,1862,5,32,25,3,0,7
806,4553,4304,2,44,30,3,1,31
374,4703,4049,0,46,7,0,0,20
927,13247,11368,3,74,122,25,3,45
404,1451,1498,0,11,1,0,0,5
124,14515,14588,5,164,61,16,13,78
549,2834,3362,0,36,1,0,0,40
800,27056,27229,12,110,366,26,4,32
985,25253,24618,11,159,217,51,1,94
356,731,943,0,11,0,0,0,4
1052,2902,3617,0,25,9,4,7,12
1246,255,625,0,1,0,0,0,1
1204,4014,3758,1,47,6,7,4,14
338,1962,1578,0,18,1,0,0,18
93,5247,5380,1,81,5,4,5,42
1140,12654,11755,6,52,201,8,11,27
723,2640,3154,1,40,10,8,1,16
329,3389,4367,0,28,4,0,0,27
852,6474,6944,1,76,9,3,0,49
984,4635,9970,1,32,111,27,0,29
453,2755,2267,0,33,7,0,0,21
375,669,584,0,4,1,0,0,3
1253,6851,8112,3,94,19,5,2,82
122,4370,4911,2,62,11,0,2,35
770,518,895,0,4,1,0,0,1
1071,10904,12129,7,127,26,9,5,85
1193,695,797,0,5,1,1,1,3
1163,1470,1291,2,15,0,0,2,9
1037,3368,4524,0,61,17,2,5,14
53,13748,13550,9,118,29,6,10,56
922,12314,9532,0,68,134,20,1,36
906,49800,62528,12,140,524,39,10,55
408,43,953,0,0,0,0,0,0
547,971,1047,0,13,0,0,1,7
209,14188,15017,2,201,12,3,5,117
1238,5141,5505,2,57,13,2,3,41
94,1482,1353,0,20,1,0,0,5
829,2153,1894,1,14,5,0,0,11
597,2822,3027,2,36,5,3,0,16
361,2820,315,0,2,0,0,0,2
38,17848,18035,14,187,78,27,27,69
884,1411,1466,0,11,6,3,0,9
876,10099,12870,5,114,86,7,2,72
616,542,13330,0,15,0,0,0,0
741,3108,2832,0,28,3,0,1,21
164,21435,1384,0,19,3,2,0,4
1244,2106,2006,1,34,6,0,3,13
625,1727,1161,0,12,0,0,0,5
498,4583,5001,0,60,7,0,0,43
1160,2399,2218,0,19,5,0,0,13
793,7197,7323,0,99,17,2,5,74
484,1699,2116,0,25,0,0,0,26
200,2684,3775,0,39,5,1,0,15
395,366,566,0,4,0,0,0,6
925,10771,10430,1,127,108,8,11,48
1153,3370,2980,0,30,4,0,0,22
1333,4960,4974,0,43,32,6,4,32
953,3818,4341,0,39,24,4,1,16
671,10768,10887,3,109,17,11,8,78
535,1691,3098,3,16,0,0,0,14
1258,5249,5039,5,34,4,1,0,33
772,15392,15651,4,137,33,9,2,91
1026,3458,3969,6,39,45,8,2,9
340,14406,15283,8,141,23,7,2,74
636,8205,8670,0,78,27,4,1,61
350,2494,3292,0,27,9,4,0,19
632,51208,48452,13,539,91,29,8,394
511,2718,3196,2,22,7,3,1,21
1262,9146,10182,9,134,19,12,13,47
610,994,1452,0,18,0,0,0,7
1033,773,1320,0,10,6,0,2,6
1005,45,11562,0,0,0,0,0,0
519,678491,335,0,0,3,1,0,2
527,1445,162,0,3,0,0,0,1
996,3999,136,0,2,1,0,0,0
1247,2293,3250,0,27,1,0,0,23
810,7031,7213,7,111,38,4,10,32
467,1522,12820,0,28,0,1,0,11
30,8753,8145,9,110,12,14,9,60
895,41802,40229,17,113,432,56,29,79
171,2388,2823,0,38,2,0,2,15
21,14076,2329,1,14,8,9,2,20
850,4378,3899,0,48,9,0,0,19
702,2776,2549,0,31,5,2,2,18
1170,794,701,0,0,0,4,0,1
545,2339,2084,1,29,3,0,0,13
730,14551,13550,9,229,54,9,7,75
1186,789,958,0,6,9,0,0,3
571,984,988,1,7,0,1,2,3
768,2952,3368,0,21,5,0,0,32
731,5580,4489,1,81,8,1,1,32
1061,1011,1841,0,14,4,0,0,0
628,18119,19243,7,239,30,9,2,143
2,13738,14008,15,118,42,38,18,79
1347,1720,1782,0,8,18,0,0,10
1101,1056,1344,0,5,29,1,2,2
960,7720,9022,0,69,50,7,0,40
417,577,547,0,1,0,0,0,6
619,1721,1806,0,30,0,1,0,12
814,3786,3861,3,43,32,4,2,19
1022,851,1256,5,6,10,2,0,1
605,4526,4306,0,67,3,0,1,39
965,5316,12470,3,73,13,10,5,40
388,4258,4840,0,82,4,0,3,57
1104,49035,62699,9,41,281,22,9,17
1189,3384,4068,0,40,21,1,2,17
4000,1668970,1652616,399,324,1104,1327,706,315
766,7179,7436,3,66,9,3,3,56
780,13406,13103,7,178,52,31,19,80
1142,3657,3023,0,8,45,11,1,3
180,3603,3816,0,53,5,1,1,15
1344,666,1241,0,8,0,1,0,3
32,3158,3564,0,34,7,6,1,16
97,3643,3646,0,30,3,0,1,26
1312,8179,9320,1,95,29,5,1,59
684,7967,8051,3,93,10,8,10,52
1234,5725,5647,3,79,5,4,0,45
95,8201,8299,3,86,3,6,4,43
387,653,1274,0,9,0,0,0,5
120,9390,9274,2,107,14,3,1,71
1175,23851,20857,8,80,292,30,11,56
629,8778,8820,1,82,16,6,4,80
791,11158,12448,7,151,30,8,0,66
425,10667,10952,2,85,15,1,1,63
224,2617,2910,0,43,1,3,2,10
1249,4653,4329,0,64,6,3,0,39
42,2397,3519,1,40,2,0,0,12
633,21111,18091,3,227,52,14,2,181
86,14166,14483,3,158,26,11,0,80
474,6442,5438,1,86,11,3,0,49
541,1916,2494,0,20,8,0,0,22
1064,4758,5188,0,70,8,2,1,34
364,4902,4668,1,57,8,5,1,31
1135,5909,5363,5,58,15,0,0,43
213,26302,27466,14,372,37,9,1,247
162,3570,4232,1,43,8,1,1,26
676,5206,5977,2,85,14,1,3,39
612,8564,8650,1,114,22,13,3,61
1076,6856,11697,1,25,152,46,0,6
946,3089,3457,0,46,9,6,5,4
112,12268,12093,5,184,11,10,0,85
968,2346,8353,0,25,9,1,0,26
976,2765,3431,0,8,37,9,1,1
623,5572,6462,2,72,13,2,0,40
626,8780,9417,1,96,17,4,0,84
537,288,290,0,1,0,0,0,4
663,3264,3847,0,33,3,0,0,20
860,5320,5758,2,79,16,1,0,41
674,6667,6216,4,59,11,3,0,47
1206,3768,3549,0,31,6,3,0,22
745,2762,2731,0,32,3,0,0,17
557,2105,2031,2,19,1,0,0,10
1343,906,854,0,6,0,0,0,7
186,5031,5455,0,58,6,1,0,30
129,2225,2603,0,34,6,2,1,14
989,1063,937,1,13,5,0,2,11
553,2192,504,0,5,0,0,0,3
40,8985,9515,4,92,23,16,16,56
1105,8341,8961,3,48,127,17,2,21
1077,1585,1471,0,26,3,2,0,11
569,2238,1012,0,10,0,0,0,5
192,38301,18672,13,240,27,2,7,140
1340,1064,20330,0,11,0,1,0,4
1197,2117,2176,0,24,7,0,0,11
39,10216,10616,4,111,27,12,21,40
1161,1922,2595,0,22,1,0,1,13
