origin_zone,total,Hour0,hour1,hour2,hour3,hour4,hour5,hour6,hour7,hour8,hour9,hour10,hour11,hour12,hour13,hour14,hour15,hour16,hour17,hour18,hour19,hour20,hour21,hour22,hour23
1,138,0,0,0,0,0,4,11,15,13,10,14,7,9,4,8,8,10,6,8,6,4,1,0,0
2,260,0,0,0,0,2,3,13,17,26,19,17,16,22,20,16,20,16,10,15,13,6,8,0,1
3,346,0,0,0,0,2,6,10,10,19,23,20,18,23,28,27,26,30,30,23,20,15,9,5,2
4,24,0,0,0,0,0,1,1,3,3,1,1,3,0,2,1,2,2,1,0,0,2,1,0,0
5,48,0,0,0,0,1,1,4,7,5,4,2,4,1,1,4,2,1,4,2,2,1,0,1,1
6,22,0,0,0,0,0,1,1,2,2,3,2,1,1,1,2,0,1,3,0,1,0,1,0,0
7,47,0,0,0,0,0,1,2,4,7,4,2,3,6,1,2,1,3,5,1,2,2,1,0,0
8,93,0,0,0,0,1,1,1,3,3,6,3,8,5,8,10,9,8,10,5,3,3,3,3,0
9,22,0,0,0,0,0,1,1,0,1,3,1,1,1,1,1,2,4,1,0,1,1,1,1,0
10,1,0,0,0,0,0,0,0,0,1,0,0,0,0,0,0,0,0,0,0,0,0,0,0,0
11,40,0,0,0,0,0,2,2,2,2,0,3,1,2,3,3,3,5,6,3,0,2,0,1,0
12,161,0,0,0,0,3,10,17,11,16,8,8,11,5,8,8,12,11,7,5,4,6,3,5,3
13,222,0,0,0,0,1,11,11,22,18,18,10,16,19,9,7,16,16,13,17,4,8,4,1,1
14,22,0,0,0,0,0,1,2,1,1,0,0,1,1,2,0,3,5,1,1,3,0,0,0,0
15,11,0,0,0,0,0,1,0,1,1,1,0,0,1,2,0,1,0,2,0,1,0,0,0,0
16,4,0,0,0,0,0,0,0,0,0,0,0,0,1,0,0,0,1,0,0,0,0,2,0,0
17,331,0,0,0,0,1,3,5,12,8,17,12,19,24,22,25,27,21,30,32,26,23,19,3,2
18,119,0,0,0,0,1,1,10,5,8,7,6,5,7,10,11,9,11,7,7,7,3,2,1,1
19,93,0,0,0,0,0,2,6,7,7,3,5,8,3,5,3,6,11,6,7,5,5,3,1,0
20,54,0,0,0,0,2,0,1,2,3,1,5,6,2,7,3,5,1,6,2,0,4,2,1,1
21,55,0,0,0,0,0,1,0,1,4,5,1,6,5,2,5,8,4,1,3,4,3,0,2,0
22,28,0,0,0,0,1,0,1,0,2,0,1,1,1,1,3,2,6,1,3,2,2,0,0,1
23,35,0,0,0,0,0,0,1,0,2,3,3,3,1,5,3,2,1,4,4,1,0,0,2,0
24,57,0,0,0,0,1,0,6,5,3,7,3,4,4,2,3,1,3,5,6,0,1,2,1,0
25,149,0,0,0,0,1,8,9,10,13,11,3,6,12,9,9,8,9,8,11,8,6,5,3,0
26,82,0,0,0,0,0,2,5,4,6,3,4,5,7,1,8,6,7,8,5,3,3,4,1,0
27,208,0,0,0,0,2,6,10,10,14,14,12,11,10,9,12,14,16,25,12,12,4,7,7,1
28,11,0,0,0,0,0,0,0,1,0,1,0,2,1,1,0,1,0,4,0,0,0,0,0,0
29,11,0,0,0,0,0,0,0,0,1,1,1,0,0,0,0,0,3,2,2,1,0,0,0,0
30,201,0,0,0,0,1,5,10,10,21,13,12,12,15,15,10,14,15,11,16,10,7,2,2,0
31,140,0,0,0,0,0,3,15,9,17,8,6,5,4,8,6,17,12,15,5,4,1,2,3,0
32,76,0,0,0,0,1,1,2,5,3,5,8,3,5,0,9,6,7,10,2,2,1,3,3,0
33,109,0,0,0,0,0,2,3,9,7,6,7,6,6,8,15,9,9,11,5,2,0,3,1,0
34,66,0,0,0,0,0,0,2,4,1,6,8,3,3,3,6,4,7,4,4,3,6,1,0,1
35,59,0,0,0,0,0,0,0,3,6,4,4,3,4,4,4,4,8,4,2,4,1,4,0,0
36,123,0,0,0,0,0,6,10,16,10,12,6,7,4,5,6,3,11,9,7,3,7,0,1,0
37,259,0,0,0,0,1,6,11,18,16,16,10,25,14,21,16,21,29,26,9,8,8,2,2,0
38,408,0,0,0,0,1,2,8,12,17,21,25,22,23,21,27,36,35,65,34,20,19,13,7,0
39,246,0,0,0,0,2,3,9,9,12,12,12,13,16,12,21,16,24,37,19,8,9,7,4,1
40,194,0,0,0,0,0,4,3,12,13,12,9,15,22,17,6,12,15,15,21,12,5,1,0,0
41,138,0,0,0,0,2,3,9,16,11,6,10,11,5,9,12,6,6,7,6,6,4,6,3,0
42,73,0,0,0,0,0,4,6,7,5,3,6,3,2,4,4,2,7,6,5,6,0,3,0,0
43,85,0,0,0,0,1,1,4,8,4,6,2,7,4,6,7,8,7,12,1,2,3,2,0,0
44,54,0,0,0,0,1,2,0,3,1,1,2,3,3,7,15,2,4,5,2,2,0,1,0,0
45,92,0,0,0,0,0,0,2,2,4,2,4,6,4,9,15,5,7,11,3,2,8,5,2,1
46,28,0,0,0,0,0,0,1,1,2,1,3,0,2,1,3,2,3,0,4,2,3,0,0,0
47,90,0,0,0,0,2,1,4,8,4,1,2,3,13,8,12,4,7,4,8,4,3,1,1,0
48,172,0,0,0,0,2,6,8,10,6,5,8,9,1,6,13,11,32,13,12,7,10,9,4,0
49,336,0,0,0,0,0,3,2,10,5,12,17,26,30,29,24,25,42,48,22,16,10,9,4,2
50,107,0,0,0,0,0,4,9,3,7,3,7,6,10,9,6,9,4,9,6,5,5,4,1,0
51,46,0,0,0,0,0,0,2,0,2,5,3,2,1,2,1,10,5,2,4,3,2,2,0,0
52,49,0,0,0,0,0,2,4,8,3,1,3,2,3,1,2,4,3,4,1,4,1,1,2,0
53,183,0,0,0,0,1,9,15,24,8,12,7,11,5,7,9,11,11,15,13,3,5,13,2,2
54,184,0,0,0,0,0,4,7,16,6,11,15,14,13,9,14,11,13,14,13,6,7,8,2,1
55,143,0,0,0,0,1,5,12,9,12,7,8,11,9,6,4,9,9,15,12,8,4,1,0,1
56,17,0,0,0,0,0,1,0,2,3,2,1,3,0,0,2,1,2,0,0,0,0,0,0,0
57,12,0,0,0,0,0,0,2,1,0,1,0,0,0,0,1,0,1,1,1,0,2,2,0,0
58,22,0,0,0,0,0,0,1,2,3,2,1,1,2,0,2,0,2,4,0,1,0,0,0,1
59,107,0,0,0,0,0,2,13,7,5,14,6,7,6,5,4,11,7,6,5,2,3,3,1,0
60,116,0,0,0,0,0,3,9,8,10,9,10,6,5,5,7,5,5,10,9,9,2,2,2,0
61,38,0,0,0,0,0,0,1,1,3,1,2,5,8,4,2,1,1,6,2,1,0,0,0,0
62,46,0,0,0,0,0,0,0,3,3,2,2,2,3,4,3,4,3,4,5,2,2,3,1,0
63,189,0,0,0,0,0,2,6,9,14,8,11,16,17,11,13,7,14,23,10,12,7,3,5,1
64,384,0,0,0,0,2,2,11,17,16,18,18,21,31,30,33,23,31,25,31,19,27,22,6,1
65,161,0,0,0,0,0,5,4,8,14,9,5,14,11,8,23,11,6,7,12,7,8,7,2,0
66,46,0,0,0,0,0,4,3,5,2,2,6,4,3,0,2,2,2,2,3,2,1,1,2,0
67,273,0,0,0,0,1,4,8,5,9,12,18,16,19,26,23,28,31,19,17,14,12,7,4,0
68,135,0,0,0,0,1,1,6,8,6,9,8,8,11,10,9,13,16,8,5,6,4,5,1,0
69,70,0,0,0,0,1,6,5,12,1,5,6,5,5,3,2,6,1,1,2,1,4,1,2,1
70,125,0,0,0,0,2,1,12,6,10,10,9,7,5,5,10,11,9,11,6,5,4,1,1,0
71,145,0,0,0,0,0,1,4,8,11,13,5,4,9,9,9,4,13,16,14,7,8,4,4,2
72,93,0,0,0,0,0,6,6,9,13,3,8,2,4,4,3,7,4,8,7,2,1,1,4,1
73,154,0,0,0,0,1,1,6,9,12,9,9,8,11,11,20,6,6,17,7,3,11,6,1,0
74,65,0,0,0,0,1,3,3,9,4,5,1,3,5,1,1,9,6,8,2,1,1,2,0,0
75,255,0,0,0,0,0,3,6,11,17,14,15,19,32,15,15,15,16,26,8,13,13,13,4,0
76,75,0,0,0,0,0,3,2,2,5,5,2,7,4,7,2,11,7,4,5,1,3,4,1,0
77,114,0,0,0,0,1,2,8,13,7,10,5,7,3,7,8,9,7,6,6,6,3,5,1,0
78,93,0,0,0,0,1,2,9,9,11,7,5,6,4,8,1,3,5,6,4,2,5,3,2,0
79,29,0,0,0,0,0,1,1,2,1,2,2,3,1,3,1,2,3,2,1,3,1,0,0,0
80,31,0,0,0,0,0,1,1,2,5,4,0,4,1,2,2,3,5,0,0,1,0,0,0,0
81,109,0,0,0,0,1,0,8,16,10,6,8,9,4,5,7,7,5,5,10,3,2,1,2,0
82,128,0,0,0,0,2,5,10,15,16,7,8,6,6,6,6,4,9,6,8,5,3,2,3,1
83,2,0,0,0,0,0,1,0,0,0,0,0,0,0,0,0,0,0,0,1,0,0,0,0,0
84,91,0,0,0,0,0,7,3,6,6,10,5,6,5,3,6,3,6,11,3,4,3,1,3,0
85,40,0,0,0,0,0,2,3,2,1,2,4,2,4,1,4,2,3,3,3,0,2,1,1,0
86,309,0,0,0,0,1,16,22,25,33,21,25,18,9,17,12,15,17,25,12,21,6,10,2,2
87,191,0,0,0,0,0,1,5,10,13,10,9,8,14,13,15,11,18,18,14,11,8,8,4,1
88,227,0,0,0,0,0,2,14,22,23,11,12,13,17,23,12,12,13,14,14,12,7,4,2,0
89,258,0,0,0,0,0,2,15,7,26,12,14,12,19,19,13,21,10,27,13,10,15,20,3,0
90,163,0,0,0,0,0,2,9,16,12,14,9,8,11,16,7,13,8,11,11,7,7,2,0,0
91,98,0,0,0,0,0,4,7,7,8,7,6,7,4,3,8,10,6,6,7,4,1,3,0,0
92,50,0,0,0,0,0,1,1,4,2,4,3,3,4,2,5,5,3,5,3,4,0,1,0,0
93,137,0,0,0,0,0,3,5,16,13,10,5,11,2,7,5,9,10,16,10,5,4,4,2,0
94,36,0,0,0,0,0,0,0,2,1,3,1,4,2,2,5,3,5,3,2,3,0,0,0,0
95,129,0,0,0,0,0,3,4,8,11,9,7,9,10,10,3,4,8,14,9,8,3,7,1,1
96,103,0,0,0,0,0,2,6,8,9,6,6,3,7,7,2,6,12,7,7,6,2,4,3,0
97,69,0,0,0,0,0,1,3,5,10,1,8,6,4,4,2,7,6,4,2,0,4,2,0,0
98,22,0,0,0,0,0,0,1,3,0,1,3,0,1,2,2,2,4,1,1,0,0,0,1,0
99,142,0,0,0,0,0,3,4,10,5,7,6,10,9,12,29,13,8,7,5,8,1,5,0,0
100,136,0,0,0,0,0,1,6,7,16,17,6,7,11,5,5,9,9,10,11,5,8,3,0,0
101,53,0,0,0,0,0,0,1,6,5,2,2,3,2,4,2,3,3,3,2,4,7,2,2,0
102,113,0,0,0,0,1,1,5,5,6,7,7,5,6,6,12,9,5,12,8,9,4,5,0,0
103,113,0,0,0,0,1,1,8,5,11,3,4,7,2,9,10,9,8,8,12,8,2,2,2,1
104,24,0,0,0,0,1,0,0,2,1,0,3,0,1,2,3,2,0,1,3,1,4,0,0,0
105,154,0,0,0,0,0,3,3,3,5,5,9,14,10,13,15,10,20,18,10,3,6,3,4,0
106,98,0,0,0,0,0,0,3,2,6,3,5,3,9,8,6,5,10,13,6,8,8,3,0,0
107,35,0,0,0,0,0,0,0,0,3,2,1,4,1,1,5,3,4,3,4,2,1,0,1,0
108,246,0,0,0,0,0,0,5,6,8,12,13,12,15,7,35,20,20,23,19,18,17,11,5,0
109,115,0,0,0,0,0,1,6,8,10,10,3,6,9,8,3,9,12,4,6,9,3,5,3,0
110,144,0,0,0,0,1,3,9,23,14,6,12,7,8,8,10,9,9,5,5,8,4,3,0,0
111,123,0,0,0,0,0,8,8,13,11,7,5,9,8,9,7,6,5,8,10,2,5,1,1,0
112,335,0,0,0,0,1,11,18,23,26,17,17,23,23,15,20,26,26,24,23,14,11,11,5,1
113,2,0,0,0,0,0,0,0,0,0,1,0,0,0,1,0,0,0,0,0,0,0,0,0,0
114,60,0,0,0,0,2,4,5,6,6,5,2,4,1,0,1,3,2,4,6,2,3,2,1,1
115,128,0,0,0,0,0,4,14,12,12,12,5,6,5,5,4,13,9,8,6,4,5,1,2,1
116,67,0,0,0,0,0,3,5,8,10,7,5,2,2,5,4,2,1,6,1,1,2,2,1,0
117,200,0,0,0,0,1,4,13,16,18,15,12,8,9,11,16,15,15,13,12,7,7,7,1,0
118,155,0,0,0,0,1,5,7,14,13,13,13,13,8,3,7,12,8,7,14,5,4,6,2,0
119,173,0,0,0,0,1,4,7,9,10,10,6,16,10,12,9,13,17,18,12,7,7,5,0,0
120,186,0,0,0,0,1,3,4,8,16,14,11,10,12,12,20,13,12,11,12,8,7,7,3,2
121,38,0,0,0,0,1,2,2,2,1,1,1,0,2,2,2,4,3,4,3,3,0,4,0,1
122,106,0,0,0,0,0,0,3,8,9,7,2,3,5,6,22,7,7,9,5,6,3,2,1,1
123,74,0,0,0,0,1,1,6,4,11,4,2,1,4,6,4,3,6,8,3,2,1,5,2,0
124,283,0,0,0,0,0,5,16,19,17,18,19,17,20,20,21,13,21,23,21,9,8,9,6,1
125,182,0,0,0,0,0,3,5,6,11,5,7,12,11,13,15,8,12,16,14,19,11,6,7,1
126,266,0,0,0,0,1,3,3,13,12,8,10,6,19,26,13,26,21,31,27,15,14,13,5,0
127,151,0,0,0,0,0,4,4,13,10,13,10,11,15,8,7,10,14,11,7,5,6,2,1,0
128,118,0,0,0,0,2,2,4,4,1,3,3,7,11,5,8,11,11,13,8,8,6,9,2,0
129,62,0,0,0,0,0,1,3,9,8,5,5,3,5,1,2,4,4,3,0,0,5,4,0,0
130,77,0,0,0,0,0,1,2,2,4,2,8,5,4,6,3,8,8,8,3,7,1,3,2,0
131,53,0,0,0,0,0,1,1,1,6,1,5,2,6,3,3,4,10,1,3,0,4,1,1,0
132,29,0,0,0,0,0,0,0,2,2,2,1,4,2,5,3,1,1,2,2,1,0,0,1,0
133,103,0,0,0,0,0,1,0,3,2,5,5,10,4,8,11,13,12,4,10,5,5,4,1,0
134,18,0,0,0,0,0,0,0,0,1,1,4,1,0,1,0,3,1,1,2,1,2,0,0,0
135,36,0,0,0,0,0,0,3,3,3,0,0,1,2,1,1,5,5,3,4,1,2,2,0,0
136,266,0,0,0,0,2,10,10,19,29,20,6,16,17,15,17,15,23,17,13,14,11,9,3,0
137,135,0,0,0,0,0,3,14,11,14,17,7,4,10,8,6,6,8,11,3,6,4,3,0,0
138,11,0,0,0,0,0,0,1,1,1,0,2,1,0,0,1,0,1,1,1,1,0,0,0,0
139,74,0,0,0,0,2,2,11,4,14,2,2,4,4,2,2,1,5,7,6,2,0,4,0,0
140,108,0,0,0,0,0,1,6,15,16,6,4,4,4,13,5,8,9,4,6,2,3,1,1,0
141,184,0,0,0,0,1,6,14,21,11,17,15,15,6,11,8,6,11,12,8,7,7,6,1,1
142,110,0,0,0,0,0,1,9,7,9,11,11,9,12,3,3,5,7,8,3,4,4,4,0,0
143,276,0,0,0,0,1,3,2,8,13,18,12,19,18,16,20,19,23,27,16,16,22,13,9,1
144,176,0,0,0,0,2,4,10,12,10,8,6,10,6,11,11,11,14,18,14,8,10,5,4,2
145,175,0,0,0,0,0,7,12,21,18,9,13,10,14,11,7,11,10,9,7,9,4,3,0,0
146,48,0,0,0,0,0,0,4,2,4,5,1,0,6,2,6,3,7,0,4,2,2,0,0,0
147,148,0,0,0,0,0,0,2,5,2,12,11,10,12,12,10,13,15,10,12,9,4,4,5,0
148,222,0,0,0,0,3,2,6,14,13,6,14,13,13,19,19,19,14,20,19,10,10,6,2,0
149,86,0,0,0,0,0,3,1,3,3,0,2,3,9,4,7,4,10,7,13,4,3,7,3,0
150,172,0,0,0,0,1,4,6,10,15,11,10,13,10,9,3,13,13,19,12,8,4,7,4,0
151,42,0,0,0,0,0,1,5,2,4,3,4,5,4,2,1,0,2,2,1,3,0,2,1,0
152,19,0,0,0,0,0,0,2,3,2,3,2,1,2,0,0,0,0,2,0,0,1,1,0,0
153,47,0,0,0,0,0,3,5,10,2,3,2,3,2,0,3,0,1,5,4,1,3,0,0,0
154,321,0,0,0,0,4,3,14,25,28,32,19,23,18,20,16,21,19,14,22,15,14,7,7,0
155,62,0,0,0,0,0,1,2,4,6,4,5,3,4,1,3,8,3,8,2,3,3,2,0,0
156,65,0,0,0,0,0,0,3,6,4,7,0,7,2,1,6,4,6,9,2,3,1,3,0,1
157,64,0,0,0,0,0,2,2,3,5,5,2,6,5,5,4,4,6,5,4,2,2,2,0,0
158,66,0,0,0,0,0,2,2,6,3,7,2,2,8,8,2,4,7,4,5,1,0,3,0,0
159,109,0,0,0,0,0,1,5,4,5,3,9,10,3,1,10,3,6,9,12,8,13,7,0,0
160,15,0,0,0,0,0,1,1,0,1,1,1,1,2,0,1,0,2,2,0,1,0,1,0,0
161,26,0,0,0,0,0,0,1,1,1,2,2,1,3,2,0,1,4,1,2,1,1,2,1,0
162,99,0,0,0,0,0,1,2,9,8,6,5,5,10,6,6,4,11,8,7,6,1,1,3,0
163,43,0,0,0,0,0,1,1,3,1,4,2,2,4,4,1,3,6,1,1,2,3,3,1,0
164,39,0,0,0,0,0,0,1,3,1,8,3,2,4,0,2,3,2,4,0,1,2,1,2,0
165,86,0,0,0,0,1,3,6,9,9,5,7,4,4,3,2,4,6,6,7,3,4,2,1,0
166,37,0,0,0,0,0,0,4,4,6,2,1,2,0,5,4,2,4,1,0,0,1,1,0,0
167,152,0,0,0,0,0,4,6,7,6,6,8,4,7,15,8,18,15,17,13,8,5,2,3,0
168,35,0,0,0,0,0,0,2,4,4,3,3,4,0,1,1,3,0,2,3,3,0,0,2,0
169,115,0,0,0,0,0,1,3,1,7,10,4,11,9,4,10,14,13,13,7,3,1,2,1,1
170,36,0,0,0,0,0,0,0,3,1,2,1,2,3,4,2,1,2,5,3,4,3,0,0,0
171,70,0,0,0,0,0,0,0,2,6,4,3,3,2,5,4,3,11,8,4,4,1,7,3,0
172,121,0,0,0,0,0,4,7,7,11,12,2,4,10,8,9,5,13,10,7,3,3,3,3,0
173,28,0,0,0,0,0,0,1,0,0,2,1,3,4,2,2,3,3,1,2,1,0,3,0,0
174,8,0,0,0,0,0,0,0,1,0,0,0,1,2,0,1,1,1,1,0,0,0,0,0,0
175,15,0,0,0,0,0,0,0,1,1,0,0,4,0,1,1,1,1,2,1,2,0,0,0,0
176,75,0,0,0,0,0,1,3,2,13,4,3,1,7,9,5,3,6,4,5,3,2,0,4,0
177,209,0,0,0,0,0,4,10,12,15,11,12,8,17,15,17,12,15,20,11,9,10,6,4,1
178,123,0,0,0,0,1,4,9,12,11,10,9,6,12,2,4,7,8,7,11,3,3,1,3,0
179,21,0,0,0,0,0,0,0,0,2,1,0,1,0,3,3,4,2,1,3,1,0,0,0,0
180,65,0,0,0,0,0,2,2,9,4,2,5,2,3,5,2,3,3,5,4,6,4,1,1,2
181,64,0,0,0,0,0,2,3,5,5,4,6,4,3,4,0,5,5,4,4,5,1,4,0,0
182,56,0,0,0,0,0,2,7,2,9,1,4,5,3,4,5,3,5,3,2,1,0,0,0,0
183,53,0,0,0,0,1,2,1,4,8,7,2,3,1,4,2,2,3,4,2,4,2,0,0,1
184,74,0,0,0,0,0,0,7,11,6,6,6,2,2,4,3,2,0,7,4,3,5,4,2,0
185,167,0,0,0,0,0,5,8,19,13,15,12,4,13,6,5,9,11,14,9,7,7,5,5,0
186,93,0,0,0,0,1,1,6,3,10,10,4,6,3,8,3,10,2,10,4,5,1,4,2,0
187,281,0,0,0,0,0,3,7,12,17,11,15,19,20,19,22,19,23,31,18,13,14,10,8,0
188,229,0,0,0,0,0,2,6,13,9,17,14,15,12,23,19,13,23,17,16,8,9,9,4,0
189,216,0,0,0,0,1,3,15,14,18,13,7,11,18,12,17,9,10,22,15,11,5,9,5,1
190,92,0,0,0,0,0,2,5,6,10,12,5,4,9,3,2,3,4,10,5,7,2,1,2,0
191,70,0,0,0,0,0,0,2,7,8,6,5,6,3,4,0,2,3,10,5,2,3,2,2,0
192,392,0,0,0,0,1,5,6,16,23,20,25,21,25,27,39,25,34,35,30,22,20,9,6,3
193,238,0,0,0,0,1,5,12,18,16,14,10,11,11,11,18,17,23,23,23,9,3,7,4,2
194,37,0,0,0,0,0,1,5,2,3,2,2,2,2,0,0,2,2,1,5,4,1,1,1,1
195,180,0,0,0,0,2,1,11,17,13,13,11,13,9,13,11,11,14,11,6,10,4,7,3,0
196,11,0,0,0,0,0,0,0,1,1,0,0,1,0,1,3,1,1,1,0,0,1,0,0,0
197,354,0,0,0,0,0,6,10,28,23,25,22,27,22,25,17,22,34,30,15,13,19,12,3,1
198,250,0,0,0,0,0,5,15,18,17,12,19,16,11,17,14,15,20,21,15,8,12,7,6,2
199,223,0,0,0,0,1,4,11,14,15,18,16,10,11,16,9,9,26,16,15,4,9,9,9,1
200,48,0,0,0,0,0,2,2,9,5,3,5,0,2,1,3,3,2,5,1,1,2,1,1,0
201,109,0,0,0,0,0,3,7,11,5,8,4,7,9,10,7,11,3,8,2,5,2,3,4,0
202,60,0,0,0,0,0,2,3,4,5,4,7,2,5,4,4,4,3,3,5,2,1,2,0,0
203,298,0,0,0,0,1,3,12,25,25,18,17,12,17,14,16,21,24,27,15,18,15,12,5,1
204,65,0,0,0,0,0,2,5,10,5,6,2,1,3,8,1,4,4,5,2,3,3,0,1,0
205,136,0,0,0,0,1,3,11,9,13,8,12,6,8,9,12,11,13,3,3,2,8,2,2,0
206,220,0,0,0,0,1,1,12,19,17,17,20,14,13,13,12,10,21,14,11,8,9,4,4,0
207,196,0,0,0,0,2,4,7,25,21,9,17,6,13,9,7,14,13,10,16,10,8,4,1,0
208,377,0,0,0,0,5,9,19,25,34,19,26,18,15,29,24,18,26,24,23,22,21,12,7,1
209,295,0,0,0,0,1,6,16,19,18,12,17,15,24,17,18,18,21,17,15,22,19,14,6,0
210,218,0,0,0,0,1,7,5,8,16,13,12,13,15,6,17,5,22,21,22,9,14,8,4,0
211,90,0,0,0,0,0,3,7,11,8,3,5,4,4,5,3,8,5,6,9,3,2,2,2,0
212,45,0,0,0,0,0,1,5,3,4,4,3,1,0,2,0,1,5,4,3,3,3,3,0,0
213,623,0,0,0,0,6,9,17,34,45,45,41,58,51,42,65,30,48,38,23,27,19,12,10,3
214,241,0,0,0,0,2,10,16,21,25,15,12,14,6,11,10,10,13,23,14,11,8,11,5,4
215,179,0,0,0,0,0,5,14,14,11,13,14,12,5,13,9,18,12,15,9,5,2,7,1,0
216,62,0,0,0,0,0,6,7,6,8,3,3,2,3,4,1,5,4,3,3,1,2,1,0,0
217,66,0,0,0,0,0,3,6,7,4,5,6,5,0,2,3,6,4,3,5,2,1,2,2,0
218,324,0,0,0,0,2,14,27,33,23,26,22,12,19,16,16,17,22,24,16,9,10,9,5,2
219,36,0,0,0,0,1,5,2,3,4,3,1,2,1,2,2,2,2,0,2,1,2,1,0,0
220,38,0,0,0,0,0,1,1,3,4,2,0,0,2,4,2,3,3,4,2,5,0,1,0,1
221,129,0,0,0,0,0,2,1,3,9,6,3,7,9,8,8,12,19,19,6,8,4,3,2,0
222,34,0,0,0,0,0,0,1,0,0,2,2,1,2,4,1,3,4,6,4,2,1,0,1,0
223,9,0,0,0,0,0,0,0,0,1,0,0,1,0,1,1,0,2,2,0,1,0,0,0,0
224,60,0,0,0,0,0,0,0,2,4,3,2,4,7,5,4,5,5,8,3,2,2,2,1,1
225,113,0,0,0,0,0,2,4,12,6,7,5,7,9,6,3,8,10,15,8,3,5,2,1,0
226,91,0,0,0,0,3,6,2,5,2,1,11,4,5,3,9,14,10,5,4,4,2,0,0,1
227,44,0,0,0,0,0,1,4,3,2,0,5,4,2,2,6,3,4,4,1,1,0,0,1,1
228,27,0,0,0,0,0,0,1,0,1,0,0,2,4,1,3,3,1,1,1,1,4,4,0,0
229,174,0,0,0,0,0,2,8,15,14,14,9,19,11,10,4,7,11,9,15,12,8,5,1,0
230,63,0,0,0,0,0,1,2,5,3,5,6,2,2,3,5,4,8,4,4,2,4,3,0,0
301,113,0,0,0,0,1,5,11,11,9,4,7,6,7,2,5,6,9,7,5,8,6,3,1,0
302,193,0,0,0,0,2,3,11,15,11,12,11,12,16,12,14,13,15,10,11,11,6,7,1,0
303,10,0,0,0,0,0,1,1,1,1,1,1,1,0,0,0,0,3,0,0,0,0,0,0,0
304,353,0,0,0,0,2,17,32,41,18,26,16,22,23,13,15,14,21,27,11,23,15,12,5,0
305,150,0,0,0,0,3,2,8,10,10,8,8,9,12,6,6,8,13,14,8,13,3,4,4,1
306,45,0,0,0,0,1,1,1,3,2,3,3,3,7,2,2,1,6,3,2,2,1,2,0,0
307,67,0,0,0,0,0,6,5,8,9,2,2,3,3,4,5,5,3,4,1,2,3,2,0,0
308,123,0,0,0,0,0,8,14,11,10,8,7,6,4,5,9,7,5,10,9,3,3,3,1,0
309,332,0,0,0,0,1,9,29,40,19,18,22,22,21,19,23,16,17,23,17,7,15,10,4,0
310,227,0,0,0,0,0,3,14,21,11,11,10,10,15,16,27,22,10,17,13,10,8,7,2,0
311,129,0,0,0,0,1,1,11,7,12,11,8,5,9,9,10,3,5,10,11,4,3,6,3,0
312,164,0,0,0,0,1,5,13,14,19,13,7,8,11,13,9,6,8,10,8,6,3,9,1,0
313,60,0,0,0,0,0,0,5,9,7,4,3,2,6,3,4,5,1,4,3,2,1,0,1,0
314,11,0,0,0,0,0,1,0,0,0,0,3,1,0,1,0,3,1,0,0,0,0,0,1,0
315,82,0,0,0,0,0,5,7,8,5,8,3,7,3,6,4,5,5,5,3,1,1,4,2,0
316,158,0,0,0,0,0,4,8,17,12,8,9,5,11,17,10,7,11,14,4,11,5,2,3,0
317,27,0,0,0,0,0,1,0,0,2,1,2,2,1,0,1,4,1,5,2,1,2,1,1,0
318,154,0,0,0,0,1,3,3,5,11,6,9,9,9,14,14,14,11,15,13,5,8,3,1,0
319,37,0,0,0,0,0,0,1,4,2,2,1,1,1,3,1,2,5,3,3,1,5,2,0,0
320,39,0,0,0,0,0,0,3,3,3,2,5,5,0,1,3,1,2,4,3,0,0,2,2,0
321,76,0,0,0,0,1,4,6,7,3,3,2,6,5,3,3,6,6,8,3,5,3,2,0,0
322,57,0,0,0,0,0,3,4,5,4,3,3,5,1,4,4,4,1,4,2,4,3,2,1,0
323,183,0,0,0,0,0,3,7,13,6,8,9,7,14,13,12,19,14,14,20,6,10,5,2,1
324,251,0,0,0,0,1,4,22,15,17,13,13,12,12,17,21,16,14,17,18,10,11,10,7,1
325,192,0,0,0,0,2,4,8,3,9,7,13,19,12,13,12,13,15,24,16,7,7,4,2,2
326,20,0,0,0,0,1,1,0,1,0,2,1,4,1,0,1,0,2,1,3,0,0,2,0,0
327,18,0,0,0,0,3,0,1,2,0,1,1,4,0,1,1,1,2,1,0,0,0,0,0,0
328,181,0,0,0,0,1,10,15,13,17,10,15,15,12,8,5,9,8,13,7,11,6,2,4,0
329,64,0,0,0,0,0,5,7,5,3,3,5,3,5,3,2,3,3,4,6,4,2,1,0,0
330,74,0,0,0,0,0,5,5,8,9,8,4,4,1,5,4,2,6,5,4,2,0,2,0,0
331,11,0,0,0,0,0,0,0,0,3,1,1,0,0,2,0,0,2,1,1,0,0,0,0,0
332,83,0,0,0,0,1,1,0,4,3,4,4,6,1,6,7,6,8,9,6,5,4,6,2,0
333,4,0,0,0,0,0,0,0,0,0,0,1,0,2,0,1,0,0,0,0,0,0,0,0,0
334,71,0,0,0,0,0,5,7,12,3,5,5,6,2,4,3,3,4,2,4,2,1,0,3,0
335,78,0,0,0,0,1,0,7,6,3,8,4,7,4,6,3,4,3,6,4,4,2,4,2,0
336,50,0,0,0,0,0,2,7,7,5,3,3,4,1,1,2,1,3,4,1,2,1,2,1,0
337,17,0,0,0,0,0,1,0,3,1,0,2,1,2,0,0,1,1,1,0,2,1,0,1,0
338,40,0,0,0,0,0,2,5,1,3,4,2,2,0,3,3,1,1,2,3,5,1,2,0,0
339,31,0,0,0,0,0,1,0,1,2,1,2,1,3,2,1,4,1,3,4,1,0,1,2,1
340,237,0,0,0,0,4,2,16,24,25,17,14,10,11,9,12,14,18,13,19,11,8,5,5,0
341,100,0,0,0,0,4,3,4,11,7,3,3,8,5,8,3,7,10,4,8,5,2,3,2,0
342,214,0,0,0,0,0,2,16,18,20,21,15,12,14,6,16,16,12,12,11,10,6,3,3,1
343,24,0,0,0,0,0,0,1,2,6,0,2,0,0,2,3,1,0,1,2,0,2,1,1,0
344,157,0,0,0,0,0,6,14,17,8,12,9,9,11,5,5,8,12,17,5,5,7,4,3,0
345,52,0,0,0,0,0,0,2,1,4,2,2,3,3,8,1,7,4,4,5,1,2,3,0,0
346,106,0,0,0,0,0,2,4,4,5,6,6,1,15,8,9,3,5,18,10,6,1,1,2,0
347,334,0,0,0,0,1,7,11,23,29,15,15,19,19,15,19,22,28,37,25,16,20,8,3,2
348,48,0,0,0,0,0,1,3,3,2,3,1,1,4,3,2,5,5,8,3,2,1,1,0,0
349,34,0,0,0,0,0,0,1,5,2,3,1,3,0,2,1,2,6,3,1,1,3,0,0,0
350,64,0,0,0,0,0,0,0,0,2,3,4,6,8,3,4,7,7,1,5,6,4,4,0,0
351,39,0,0,0,0,0,2,1,6,1,1,3,1,4,1,3,1,2,2,3,3,4,1,0,0
352,358,0,0,0,0,2,2,8,9,7,9,13,13,28,20,28,30,36,67,36,20,16,6,8,0
353,67,0,0,0,0,0,0,1,0,6,3,0,3,4,4,3,5,7,12,9,3,3,3,1,0
354,394,0,0,0,0,1,0,5,11,19,9,13,15,23,31,20,24,54,56,46,28,17,15,6,1
355,11,0,0,0,0,0,0,0,1,1,0,0,0,1,0,1,1,0,3,2,0,1,0,0,0
356,18,0,0,0,0,0,0,1,1,1,3,0,0,2,0,2,1,2,1,1,2,0,1,0,0
357,14,0,0,0,0,0,1,0,0,1,1,1,1,2,3,1,0,2,0,0,1,0,0,0,0
358,15,0,0,0,0,0,0,1,1,0,0,2,1,0,0,2,4,1,2,1,0,0,0,0,0
359,5,0,0,0,0,0,0,0,1,0,0,0,0,0,0,1,0,1,2,0,0,0,0,0,0
360,44,0,0,0,0,0,0,1,4,3,4,5,2,2,5,3,2,4,0,3,3,2,0,1,0
361,12,0,0,0,0,0,0,0,1,1,0,0,0,0,0,3,0,2,3,1,1,0,0,0,0
362,19,0,0,0,0,0,0,0,2,0,4,1,0,2,3,1,1,1,2,1,0,1,0,0,0
363,11,0,0,0,0,0,0,0,0,2,0,3,0,1,0,0,0,1,0,3,0,0,0,1,0
364,133,0,0,0,0,0,1,2,9,5,10,10,8,7,11,9,9,14,8,13,2,8,4,3,0
365,38,0,0,0,0,1,0,0,1,2,1,3,3,1,4,4,2,3,3,4,2,3,0,1,0
366,83,0,0,0,0,0,3,3,2,5,10,6,8,5,6,1,3,8,6,3,5,3,5,1,0
367,166,0,0,0,0,0,1,3,4,6,10,10,9,11,8,8,13,22,21,20,7,6,3,3,1
368,11,0,0,0,0,0,0,0,0,1,1,1,1,1,1,0,0,3,0,1,1,0,0,0,0
369,13,0,0,0,0,0,0,0,0,0,2,0,0,1,2,1,0,3,1,1,1,0,1,0,0
370,59,0,0,0,0,0,0,1,1,6,6,3,2,2,3,3,6,5,8,6,2,2,0,3,0
371,138,0,0,0,0,0,0,3,8,8,16,10,11,5,10,11,14,11,9,5,10,5,2,0,0
372,124,0,0,0,0,0,0,4,11,11,6,4,9,9,6,11,9,6,6,9,10,5,8,0,0
373,34,0,0,0,0,0,0,1,1,1,1,1,1,4,2,3,4,2,3,1,3,2,1,2,1
374,62,0,0,0,0,0,0,0,7,6,5,1,3,8,0,4,6,6,3,6,4,1,1,1,0
375,4,0,0,0,0,0,0,0,0,0,0,0,1,0,1,0,1,1,0,0,0,0,0,0,0
376,25,0,0,0,0,1,0,3,1,1,2,1,4,2,1,1,0,0,2,2,2,0,1,1,0
377,39,0,0,0,0,0,1,2,4,8,4,3,2,1,0,0,4,3,4,1,0,0,2,0,0
378,39,0,0,0,0,0,1,5,4,2,2,2,4,3,1,3,2,3,2,0,1,3,0,1,0
379,50,0,0,0,0,0,1,3,1,7,5,3,4,5,5,3,1,5,2,4,1,0,0,0,0
380,74,0,0,0,0,0,2,4,5,7,7,6,4,4,7,4,1,2,5,3,4,3,4,1,1
381,46,0,0,0,0,0,0,1,5,5,1,5,1,3,1,4,9,3,4,2,1,1,0,0,0
382,125,0,0,0,0,1,7,10,10,8,5,9,4,7,4,9,10,9,10,8,5,5,2,2,0
384,12,0,0,0,0,0,1,0,1,0,1,1,2,0,2,3,1,0,0,0,0,0,0,0,0
385,1,0,0,0,0,0,0,0,1,0,0,0,0,0,0,0,0,0,0,0,0,0,0,0,0
386,37,0,0,0,0,0,1,1,2,1,1,5,3,2,1,5,2,4,2,3,2,2,0,0,0
387,15,0,0,0,0,0,0,0,1,0,0,1,1,2,2,1,1,0,2,1,2,1,0,0,0
388,155,0,0,0,0,1,2,9,12,13,10,11,4,19,15,13,11,4,4,8,6,7,6,0,0
389,9,0,0,0,0,1,0,0,0,1,0,2,0,0,0,1,1,1,0,0,0,0,1,0,1
390,19,0,0,0,0,1,1,1,1,2,1,0,0,3,0,3,0,1,1,1,1,0,0,1,1
391,58,0,0,0,0,0,4,5,4,4,9,3,0,0,1,4,3,1,5,3,4,5,1,2,0
392,16,0,0,0,0,0,0,0,1,1,1,2,0,2,0,1,3,1,3,0,0,1,0,0,0
393,29,0,0,0,0,1,0,3,1,3,1,0,1,1,1,0,0,2,3,6,5,1,0,0,0
394,44,0,0,0,0,0,0,3,6,0,1,2,3,2,4,4,0,4,8,3,0,1,2,1,0
395,7,0,0,0,0,0,0,0,0,1,1,0,0,1,0,0,1,0,0,0,0,1,0,2,0
396,6,0,0,0,0,0,0,3,0,0,0,0,0,1,0,0,1,1,0,0,0,0,0,0,0
397,13,0,0,0,0,0,3,0,1,1,2,0,0,1,0,0,1,0,1,1,1,0,0,1,0
398,11,0,0,0,0,0,0,0,1,2,0,0,0,1,1,2,1,0,1,1,0,1,0,0,0
399,14,0,0,0,0,0,0,1,0,0,0,0,1,1,3,1,1,1,3,2,0,0,0,0,0
400,9,0,0,0,0,0,0,1,2,1,2,1,0,0,0,0,0,0,0,0,1,1,0,0,0
401,20,0,0,0,0,0,1,0,1,0,3,1,0,1,1,1,1,1,5,1,0,0,3,0,0
402,9,0,0,0,0,0,0,1,1,2,0,1,0,0,0,1,0,0,0,1,1,1,0,0,0
403,10,0,0,0,0,1,0,0,1,2,0,1,1,1,0,0,0,0,0,2,1,0,0,0,0
404,14,0,0,0,0,1,0,0,3,1,0,1,0,0,0,0,2,2,1,0,2,1,0,0,0
405,2,0,0,0,0,0,0,1,1,0,0,0,0,0,0,0,0,0,0,0,0,0,0,0,0
406,32,0,0,0,0,1,0,3,1,1,3,1,2,2,3,1,2,3,3,1,1,2,1,1,0
407,4,0,0,0,0,0,0,1,0,0,0,0,0,0,0,1,0,0,2,0,0,0,0,0,0
408,2,0,0,0,0,0,0,0,1,1,0,0,0,0,0,0,0,0,0,0,0,0,0,0,0
409,12,0,0,0,0,0,0,4,2,1,0,0,1,1,1,0,0,0,1,0,0,0,1,0,0
410,66,0,0,0,0,2,1,14,4,6,3,2,7,3,2,7,1,3,1,2,3,3,1,1,0
411,38,0,0,0,0,0,1,4,6,1,1,2,2,2,2,5,1,1,2,3,3,1,0,1,0
412,19,0,0,0,0,0,0,5,1,3,3,1,2,1,0,0,0,2,0,0,1,0,0,0,0
413,148,0,0,0,0,1,5,15,18,12,10,4,13,10,5,12,11,12,3,5,4,4,1,3,0
414,42,0,0,0,0,2,2,5,6,1,3,1,0,2,2,2,2,4,2,3,2,2,1,0,0
415,12,0,0,0,0,0,1,0,3,1,0,0,0,0,2,0,0,1,0,1,1,1,0,1,0
416,44,0,0,0,0,0,1,5,5,5,1,2,2,2,2,2,3,4,5,2,0,1,1,1,0
417,7,0,0,0,0,1,0,1,0,0,0,0,0,1,1,0,0,0,1,1,1,0,0,0,0
418,17,0,0,0,0,0,1,2,2,2,1,0,2,1,1,0,0,0,2,1,1,1,0,0,0
419,12,0,0,0,0,1,0,4,0,0,0,0,1,1,0,0,0,0,1,2,2,0,0,0,0
420,45,0,0,0,0,0,2,7,4,6,2,1,1,3,2,3,0,1,2,3,3,1,3,1,0
421,7,0,0,0,0,0,0,1,0,2,0,0,0,1,0,0,1,0,0,0,0,0,1,1,0
422,7,0,0,0,0,0,1,0,0,0,1,1,0,0,0,2,1,1,0,0,0,0,0,0,0
423,10,0,0,0,0,0,0,0,0,4,1,1,1,0,0,0,0,1,1,1,0,0,0,0,0
424,165,0,0,0,0,1,8,10,24,12,14,5,8,9,10,7,12,8,4,11,9,3,6,4,0
425,151,0,0,0,0,0,4,19,24,7,9,8,10,7,6,5,8,8,9,6,4,9,5,2,1
426,64,0,0,0,0,2,6,6,4,2,1,1,6,4,2,5,3,3,7,2,3,4,2,1,0
427,55,0,0,0,0,0,4,8,3,3,2,3,3,1,2,3,4,2,5,4,2,2,4,0,0
428,142,0,0,0,0,2,5,16,13,12,8,6,5,7,13,7,6,6,9,9,6,5,3,3,1
429,33,0,0,0,0,1,1,2,2,1,3,0,3,1,1,3,1,2,4,5,1,0,1,1,0
430,115,0,0,0,0,1,1,7,8,12,4,7,8,5,0,5,11,15,7,6,5,8,2,2,1
431,5,0,0,0,0,0,0,0,1,1,0,0,0,0,0,1,0,0,1,0,0,1,0,0,0
432,176,0,0,0,0,2,3,8,11,17,16,13,8,10,13,11,15,8,9,7,10,7,6,2,0
433,71,0,0,0,0,1,0,5,7,5,4,3,3,5,8,7,2,2,6,4,3,2,2,2,0
434,52,0,0,0,0,2,3,3,5,3,0,1,3,5,2,1,4,7,2,3,4,1,0,2,1
435,26,0,0,0,0,0,0,1,2,2,1,2,2,2,4,0,2,1,1,3,2,0,1,0,0
436,11,0,0,0,0,0,0,0,2,1,1,0,1,0,0,1,2,0,0,2,0,0,0,1,0
437,173,0,0,0,0,0,5,5,13,11,9,6,8,15,14,6,14,20,15,11,9,5,4,3,0
438,36,0,0,0,0,1,1,4,0,3,2,3,1,2,3,2,4,2,0,3,1,3,1,0,0
439,170,0,0,0,0,0,1,3,6,11,8,13,9,8,12,11,22,22,17,6,10,5,4,0,2
440,76,0,0,0,0,0,2,1,3,5,2,6,8,6,6,5,8,9,8,4,1,1,1,0,0
441,149,0,0,0,0,0,4,2,11,13,9,11,9,11,5,11,20,12,8,6,3,9,2,2,1
442,42,0,0,0,0,0,0,3,3,1,1,3,0,3,2,3,5,2,4,4,2,3,2,1,0
443,223,0,0,0,0,1,3,1,5,11,15,11,15,13,16,13,15,21,30,22,15,7,6,2,1
444,24,0,0,0,0,0,2,1,0,2,2,1,1,2,2,1,2,1,1,2,1,1,2,0,0
445,141,0,0,0,0,0,1,5,6,16,10,9,8,7,10,9,12,8,14,3,11,6,5,0,1
446,65,0,0,0,0,0,1,2,4,4,2,3,9,4,4,7,2,8,5,5,0,1,3,1,0
447,76,0,0,0,0,0,0,2,6,2,3,1,3,9,10,6,7,6,3,3,6,4,5,0,0
448,247,0,0,0,0,1,2,2,8,11,15,17,12,22,12,18,23,25,28,18,13,8,9,3,0
449,60,0,0,0,0,3,0,2,2,6,3,3,2,3,2,6,7,5,4,2,3,4,3,0,0
450,115,0,0,0,0,1,2,2,2,4,3,6,9,5,8,12,12,11,11,12,4,3,5,3,0
451,29,0,0,0,0,0,0,1,0,3,5,1,1,2,1,0,1,3,2,6,1,1,1,0,0
452,60,0,0,0,0,0,1,0,1,1,2,5,4,4,3,4,2,5,5,6,4,6,5,2,0
453,58,0,0,0,0,0,0,0,1,1,2,4,0,3,3,4,2,10,11,0,4,5,6,1,1
454,81,0,0,0,0,0,0,1,3,1,3,0,3,4,6,6,8,9,11,7,4,9,5,0,1
455,121,0,0,0,0,2,1,1,2,5,7,6,8,10,10,12,10,7,16,9,5,5,4,1,0
456,9,0,0,0,0,0,1,1,0,1,2,1,0,0,1,0,0,1,1,0,0,0,0,0,0
457,195,0,0,0,0,0,1,0,5,6,8,11,10,12,16,17,14,23,16,12,17,15,8,4,0
458,146,0,0,0,0,0,0,0,4,7,6,2,4,14,10,17,15,9,15,6,7,11,13,5,1
459,57,0,0,0,0,0,0,1,1,1,4,1,9,4,4,3,8,5,5,3,3,5,0,0,0
460,87,0,0,0,0,2,1,0,1,2,5,5,12,8,8,10,8,8,6,4,2,2,2,1,0
461,70,0,0,0,0,0,0,1,2,4,1,1,5,7,2,9,4,5,10,6,2,3,4,3,1
462,62,0,0,0,0,0,0,1,3,1,3,4,4,5,2,5,8,4,7,3,3,6,2,1,0
463,106,0,0,0,0,1,0,0,4,2,0,4,4,5,7,6,7,13,9,11,10,12,7,2,2
464,62,0,0,0,0,0,2,2,1,7,6,4,5,1,6,4,6,3,4,4,6,0,0,1,0
465,21,0,0,0,0,0,0,0,1,1,0,1,4,3,1,1,2,0,2,2,2,0,0,1,0
466,36,0,0,0,0,0,0,2,2,2,4,1,2,0,2,4,5,2,3,2,2,1,1,1,0
467,47,0,0,0,0,0,1,2,2,1,4,3,3,3,4,6,2,3,6,1,1,2,2,1,0
468,57,0,0,0,0,0,0,4,5,9,2,2,3,5,4,1,2,2,4,4,5,2,0,2,1
469,284,0,0,0,0,0,4,1,14,10,17,17,16,19,13,29,17,33,26,23,13,18,8,6,0
470,79,0,0,0,0,0,0,2,2,6,2,6,5,8,3,5,6,6,8,5,6,5,3,1,0
471,84,0,0,0,0,0,0,2,5,6,4,4,4,5,8,9,9,7,7,3,4,5,2,0,0
472,220,0,0,0,0,2,3,7,8,11,11,12,11,19,18,35,13,26,11,12,13,4,4,0,0
473,54,0,0,0,0,0,2,2,3,2,5,2,2,2,1,2,1,4,7,3,6,3,4,2,1
474,148,0,0,0,0,3,0,3,10,16,6,12,10,16,11,10,5,4,10,9,6,10,5,1,1
475,42,0,0,0,0,0,0,1,0,4,2,3,4,4,0,1,3,6,3,3,1,7,0,0,0
476,152,0,0,0,0,1,1,4,5,6,3,5,8,11,7,9,12,21,21,8,8,14,6,2,0
477,217,0,0,0,0,1,8,6,19,11,7,17,10,10,24,10,12,20,16,16,10,10,6,4,0
478,17,0,0,0,0,0,1,0,1,1,2,1,1,1,0,3,1,0,2,0,1,2,0,0,0
479,73,0,0,0,0,0,0,3,7,3,7,8,3,5,6,4,4,4,5,5,2,5,1,1,0
480,54,0,0,0,0,0,2,1,1,4,0,1,2,3,7,2,4,7,8,4,3,3,1,1,0
481,153,0,0,0,0,0,1,2,6,5,4,12,8,12,7,11,13,14,19,10,7,9,10,2,1
482,416,0,0,0,0,0,5,18,14,15,15,25,20,29,20,37,24,41,42,31,31,22,15,11,1
483,134,0,0,0,0,0,2,3,7,8,6,4,11,13,8,12,10,15,12,7,4,6,3,3,0
484,57,0,0,0,0,0,1,1,1,4,3,2,1,2,4,5,7,6,1,2,6,4,5,2,0
485,148,0,0,0,0,4,3,6,12,11,8,9,6,11,6,13,7,16,10,10,4,5,3,4,0
486,169,0,0,0,0,0,2,8,11,15,11,9,8,14,12,14,11,8,9,10,9,7,7,4,0
487,143,0,0,0,0,1,4,10,11,11,13,11,13,10,10,8,8,6,11,4,7,0,3,2,0
488,47,0,0,0,0,0,0,2,5,1,4,4,2,2,5,2,4,2,1,4,2,3,3,1,0
489,175,0,0,0,0,0,4,11,17,9,12,10,12,9,10,13,13,14,13,7,9,7,3,2,0
490,133,0,0,0,0,1,5,4,13,15,12,14,6,8,9,3,10,7,3,6,7,3,7,0,0
491,94,0,0,0,0,0,0,2,4,6,7,3,8,9,7,7,4,6,9,8,4,6,3,1,0
492,257,0,0,0,0,2,3,16,22,23,14,26,11,19,12,12,18,15,15,13,11,9,6,8,2
493,205,0,0,0,0,0,1,8,14,22,13,13,18,15,10,13,11,16,19,9,12,1,5,4,1
494,183,0,0,0,0,1,3,7,11,15,22,13,14,12,13,8,10,12,9,11,10,6,3,3,0
495,254,0,0,0,0,1,2,9,12,14,21,14,14,24,17,9,15,17,14,16,16,16,7,13,3
496,569,0,0,0,0,2,7,9,20,24,18,19,38,38,37,32,36,62,64,55,30,31,20,20,7
497,32,0,0,0,0,0,1,2,0,1,2,1,4,0,2,4,2,5,3,2,1,1,1,0,0
498,102,0,0,0,0,0,1,3,6,5,3,5,5,6,9,13,9,12,9,5,3,5,2,1,0
499,1503,0,0,0,0,0,4,12,26,41,43,72,77,105,108,109,132,154,162,109,108,114,63,48,16
500,876,0,0,0,0,1,8,16,30,49,44,48,77,48,54,52,80,86,99,59,34,36,34,19,2
501,370,0,0,0,0,3,15,18,29,31,33,25,25,18,18,15,27,28,17,19,14,15,8,10,2
502,81,0,0,0,0,2,1,6,10,7,5,2,3,3,3,5,4,4,2,1,5,4,5,8,1
503,100,0,0,0,0,1,4,8,6,9,9,6,2,5,7,1,13,8,7,5,5,2,1,1,0
504,32,0,0,0,0,0,2,3,1,2,2,2,5,1,1,1,4,4,1,1,0,1,1,0,0
505,23,0,0,0,0,0,0,0,2,3,5,0,1,0,0,1,2,4,3,2,0,0,0,0,0
506,229,0,0,0,0,1,8,13,12,7,14,10,10,18,10,12,18,19,26,14,9,9,8,8,3
507,160,0,0,0,0,4,4,12,13,16,14,9,6,6,10,8,8,7,15,11,7,2,3,2,3
508,53,0,0,0,0,1,1,3,4,0,4,2,1,4,2,4,3,3,5,8,1,2,4,1,0
509,61,0,0,0,0,0,2,5,3,9,5,3,1,2,4,0,4,4,6,2,0,5,3,2,1
510,140,0,0,0,0,0,0,6,4,7,6,4,7,3,9,13,13,16,15,9,8,11,6,3,0
511,46,0,0,0,0,1,2,1,8,2,5,4,1,2,1,3,3,4,3,0,4,1,0,1,0
512,201,0,0,0,0,0,2,11,10,10,13,10,12,17,25,10,13,17,17,11,12,3,5,3,0
513,95,0,0,0,0,0,1,3,5,7,6,4,4,6,10,7,11,4,7,7,5,3,2,3,0
514,382,0,0,0,0,2,4,10,21,13,10,19,36,36,35,62,25,27,24,18,21,9,7,3,0
515,11,0,0,0,0,0,1,0,2,0,0,0,1,1,0,0,1,3,0,0,1,0,0,1,0
516,101,0,0,0,0,1,2,5,5,12,2,4,4,6,7,4,7,10,9,7,7,2,7,0,0
517,52,0,0,0,0,1,2,2,1,6,1,2,4,2,2,3,6,5,7,2,2,3,1,0,0
518,94,0,0,0,0,0,0,1,2,3,7,10,15,18,7,6,7,7,6,1,2,0,1,1,0
519,4,0,0,0,0,0,0,0,0,0,1,0,0,1,0,0,1,0,0,0,0,1,0,0,0
520,14,0,0,0,0,0,0,1,0,0,2,1,1,2,0,0,0,3,2,1,0,0,1,0,0
521,5,0,0,0,0,0,1,0,0,0,1,0,0,0,1,0,0,0,1,0,1,0,0,0,0
522,15,0,0,0,0,0,0,0,1,0,0,2,0,1,1,2,1,5,0,1,1,0,0,0,0
523,10,0,0,0,0,0,0,0,0,0,1,1,0,1,0,1,1,2,2,0,0,0,1,0,0
524,15,0,0,0,0,0,0,0,1,1,2,1,1,1,0,0,2,1,2,0,0,1,0,1,1
525,11,0,0,0,0,0,0,0,1,1,2,0,2,0,1,0,2,1,0,0,0,0,1,0,0
526,38,0,0,0,0,0,2,1,5,2,4,3,1,5,2,1,1,2,2,2,1,2,1,1,0
527,9,0,0,0,0,0,0,0,0,0,2,1,1,0,0,1,0,0,2,0,1,0,0,1,0
528,30,0,0,0,0,0,0,0,3,2,1,4,3,1,4,3,0,2,3,1,0,3,0,0,0
529,8,0,0,0,0,0,0,0,0,2,1,1,0,0,0,0,1,1,0,1,0,0,0,1,0
530,17,0,0,0,0,0,1,1,0,1,1,1,0,1,1,2,1,2,2,1,0,0,2,0,0
531,25,0,0,0,0,0,0,3,3,1,1,1,2,3,1,3,2,1,2,0,1,0,0,1,0
532,39,0,0,0,0,0,0,3,1,3,3,2,1,0,6,5,4,3,2,4,1,0,1,0,0
533,19,0,0,0,0,0,0,0,0,1,1,3,1,2,2,0,1,4,1,0,0,2,1,0,0
534,45,0,0,0,0,0,1,3,2,3,5,2,4,1,1,6,5,4,2,0,2,1,3,0,0
535,37,0,0,0,0,0,1,2,1,1,1,2,1,2,0,3,5,1,7,2,1,2,5,0,0
536,4,0,0,0,0,0,0,0,0,0,1,0,1,0,0,1,0,0,1,0,0,0,0,0,0
537,17,0,0,0,0,0,0,0,0,0,1,0,0,0,2,0,4,3,2,1,2,2,0,0,0
538,17,0,0,0,0,0,0,0,1,0,0,0,2,1,1,1,5,2,0,2,0,1,1,0,0
539,24,0,0,0,0,0,0,0,2,0,1,0,1,2,2,4,3,1,1,2,4,0,0,1,0
540,48,0,0,0,0,0,0,3,4,2,5,1,2,3,4,3,3,3,2,3,3,2,2,3,0
541,36,0,0,0,0,0,3,4,2,3,2,2,1,2,3,1,4,3,1,1,3,0,1,0,0
542,11,0,0,0,0,0,0,0,1,0,1,2,1,1,1,1,0,2,0,0,1,0,0,0,0
543,5,0,0,0,0,0,0,0,2,2,0,0,0,0,0,0,0,1,0,0,0,0,0,0,0
544,70,0,0,0,0,0,1,3,4,3,1,1,4,4,1,6,6,9,10,8,1,5,1,1,1
545,41,0,0,0,0,0,1,5,2,3,1,1,3,4,3,3,2,2,3,4,1,2,1,0,0
546,42,0,0,0,0,0,0,0,1,1,2,2,2,4,4,1,4,6,4,2,2,4,2,0,1
547,29,0,0,0,0,0,0,0,2,1,1,1,2,3,1,3,3,3,2,3,1,1,0,2,0
548,20,0,0,0,0,0,2,2,0,2,1,1,0,0,0,0,1,3,2,1,1,1,2,1,0
549,48,0,0,0,0,0,5,5,3,8,2,2,4,3,1,0,2,3,3,4,1,1,0,1,0
550,58,0,0,0,0,1,1,5,6,5,4,2,3,2,3,3,4,5,2,3,2,3,3,0,1
551,18,0,0,0,0,0,2,0,1,1,0,0,0,0,3,1,2,2,1,2,2,0,1,0,0
552,45,0,0,0,0,0,1,0,2,2,2,2,5,1,5,7,0,6,2,4,1,1,2,1,1
553,18,0,0,0,0,0,0,0,1,0,0,2,2,1,1,2,4,1,0,2,1,1,0,0,0
554,46,0,0,0,0,0,2,5,8,5,1,0,5,2,1,3,1,2,2,3,2,2,2,0,0
555,54,0,0,0,0,0,2,6,4,1,3,5,4,3,6,3,3,4,2,1,3,1,1,2,0
556,69,0,0,0,0,1,3,6,6,5,8,3,3,1,3,2,3,6,3,5,5,4,0,2,0
557,44,0,0,0,0,0,0,3,4,1,3,3,2,1,2,4,2,3,2,6,1,3,2,2,0
558,39,0,0,0,0,1,2,1,2,3,1,3,3,3,1,5,2,2,4,2,1,1,2,0,0
559,55,0,0,0,0,0,1,4,3,3,1,6,5,1,1,6,5,6,5,4,0,1,1,2,0
560,80,0,0,0,0,1,5,3,7,6,6,5,4,2,8,2,8,8,5,2,0,3,2,2,1
561,82,0,0,0,0,3,2,6,9,3,6,4,5,5,3,4,5,6,5,4,7,2,3,0,0
562,18,0,0,0,0,1,0,0,2,2,1,0,1,1,1,2,2,3,2,0,0,0,0,0,0
563,34,0,0,0,0,1,0,2,2,3,1,1,4,2,0,3,2,2,3,3,2,1,1,1,0
564,28,0,0,0,0,0,1,2,1,2,1,1,0,0,2,3,2,2,3,3,2,0,0,3,0
565,10,0,0,0,0,0,0,2,1,0,0,2,0,0,1,0,1,1,1,0,1,0,0,0,0
566,17,0,0,0,0,0,0,1,1,1,0,0,0,0,0,1,2,3,3,2,1,2,0,0,0
567,9,0,0,0,0,0,1,0,0,0,0,1,0,1,0,1,0,1,0,0,2,0,0,1,1
568,104,0,0,0,0,0,1,6,5,9,4,4,8,8,6,9,9,11,4,7,1,9,0,2,1
569,14,0,0,0,0,0,0,0,1,1,1,2,1,1,2,0,0,1,2,2,0,0,0,0,0
570,7,0,0,0,0,0,0,0,0,0,0,1,0,0,0,0,0,1,0,0,3,1,1,0,0
571,22,0,0,0,0,2,1,1,4,1,0,2,1,0,3,0,0,1,2,0,1,0,2,1,0
572,30,0,0,0,0,1,1,0,0,4,1,2,4,3,0,3,4,1,3,0,1,1,0,0,1
573,2,0,0,0,0,0,0,0,0,0,0,0,0,0,0,1,0,0,0,0,1,0,0,0,0
574,100,0,0,0,0,2,3,2,8,4,4,5,6,7,5,8,12,10,9,2,2,3,4,4,0
575,44,0,0,0,0,1,0,0,1,2,5,1,6,4,2,4,4,2,8,1,0,1,1,1,0
576,37,0,0,0,0,0,1,4,2,3,1,3,3,3,2,0,2,2,5,5,1,0,0,0,0
577,12,0,0,0,0,0,0,0,1,3,1,0,0,1,0,1,0,2,2,1,0,0,0,0,0
578,135,0,0,0,0,1,1,5,7,2,7,5,13,7,12,8,19,17,15,7,1,3,2,2,1
579,3,0,0,0,0,0,0,0,0,0,0,0,0,0,1,0,1,1,0,0,0,0,0,0,0
580,17,0,0,0,0,0,0,1,3,1,0,1,0,1,1,0,2,3,1,1,0,1,0,1,0
581,17,0,0,0,0,1,1,0,1,3,0,0,0,1,3,0,1,3,1,2,0,0,0,0,0
582,13,0,0,0,0,1,0,0,1,0,0,0,0,0,3,2,3,2,0,1,0,0,0,0,0
583,6,0,0,0,0,0,0,0,0,0,1,1,1,0,0,1,0,0,1,0,0,0,0,1,0
584,49,0,0,0,0,0,1,2,2,2,0,4,5,4,4,3,4,3,5,5,2,3,0,0,0
585,198,0,0,0,0,1,2,4,10,8,15,12,13,16,7,15,17,18,20,8,12,12,5,3,0
586,75,0,0,0,0,1,0,1,4,6,3,4,7,2,4,9,3,10,4,6,3,4,2,2,0
587,69,0,0,0,0,0,3,4,7,1,5,6,9,4,2,7,4,1,8,2,3,2,1,0,0
588,23,0,0,0,0,0,0,3,1,1,1,1,1,1,1,3,3,2,0,1,2,1,1,0,0
589,351,0,0,0,0,4,11,17,26,21,10,12,22,21,25,20,26,30,18,29,15,17,20,7,0
590,80,0,0,0,0,0,1,2,6,9,7,4,4,7,6,6,4,4,4,3,6,2,4,1,0
591,56,0,0,0,0,1,0,2,3,2,7,5,4,3,4,3,1,6,5,4,1,4,0,0,1
592,28,0,0,0,0,0,0,1,2,0,1,5,1,1,0,4,2,3,0,5,1,2,0,0,0
593,261,0,0,0,0,1,6,5,12,9,8,14,15,15,17,23,33,25,26,18,17,9,6,2,0
594,107,0,0,0,0,0,1,2,5,4,10,11,6,4,4,8,6,8,9,6,11,6,3,3,0
595,40,0,0,0,0,0,0,2,3,4,2,1,2,0,2,2,6,4,4,4,0,1,2,1,0
596,110,0,0,0,0,1,2,5,4,8,5,7,9,7,6,11,5,13,10,6,3,2,5,0,1
597,97,0,0,0,0,0,4,2,4,2,5,6,7,8,4,9,6,11,12,9,4,1,3,0,0
598,135,0,0,0,0,0,0,2,7,5,5,3,11,6,14,8,12,14,14,11,6,7,6,4,0
599,144,0,0,0,0,1,1,1,5,8,7,7,8,11,8,9,12,20,20,9,2,6,7,2,0
600,81,0,0,0,0,0,0,0,2,4,1,6,6,6,4,6,14,11,6,4,6,1,4,0,0
601,69,0,0,0,0,0,0,2,2,1,4,5,2,8,6,5,6,5,6,11,2,2,1,1,0
602,40,0,0,0,0,0,0,3,1,3,5,3,4,4,1,5,4,0,2,3,0,2,0,0,0
603,49,0,0,0,0,0,1,3,4,3,3,3,5,2,1,5,5,4,3,2,1,0,1,2,1
604,89,0,0,0,0,0,0,4,4,7,5,5,7,5,6,5,6,6,7,5,7,4,4,2,0
605,118,0,0,0,0,0,1,5,12,6,4,10,8,5,7,9,10,8,8,7,4,4,5,4,1
606,15,0,0,0,0,0,0,0,1,1,1,1,0,0,4,1,1,0,0,1,0,1,1,2,0
607,45,0,0,0,0,1,1,1,1,2,4,3,5,4,5,2,3,1,4,3,4,1,0,0,0
608,26,0,0,0,0,0,1,0,0,3,2,1,1,2,3,2,1,3,2,2,1,0,2,0,0
609,32,0,0,0,0,0,0,1,2,3,4,0,4,2,3,2,0,1,2,5,1,0,2,0,0
610,21,0,0,0,0,0,2,0,2,3,0,1,2,0,1,1,0,1,0,4,1,0,1,1,1
611,156,0,0,0,0,2,1,1,2,5,5,7,6,12,9,14,14,17,17,14,14,5,7,3,1
612,181,0,0,0,0,0,1,0,4,13,5,6,11,15,17,15,15,15,14,8,12,20,8,2,0
613,69,0,0,0,0,0,0,4,5,5,3,3,5,3,3,3,4,8,6,6,6,3,1,1,0
614,54,0,0,0,0,1,0,1,7,6,2,2,3,3,3,4,6,4,5,2,2,3,0,0,0
615,65,0,0,0,0,0,0,2,2,3,3,5,6,4,2,7,6,8,3,5,3,5,1,0,0
616,21,0,0,0,0,0,1,4,0,1,2,1,2,2,1,1,1,2,2,0,1,0,0,0,0
617,10,0,0,0,0,0,0,3,1,0,0,1,0,2,0,0,0,0,1,1,0,1,0,0,0
618,44,0,0,0,0,0,0,3,1,3,2,4,4,4,5,3,4,4,1,1,1,2,1,1,0
619,42,0,0,0,0,0,0,1,3,4,3,3,1,2,2,2,0,3,4,4,3,2,5,0,0
620,184,0,0,0,0,0,0,4,5,11,11,12,13,13,9,9,23,18,15,6,12,8,11,4,0
621,87,0,0,0,0,0,0,3,3,3,1,5,6,6,8,12,7,5,9,5,4,5,3,2,0
622,142,0,0,0,0,0,3,1,5,13,9,7,7,8,12,11,12,13,14,9,3,9,4,2,0
623,141,0,0,0,0,1,3,2,7,8,4,7,10,10,9,19,8,16,15,4,10,3,5,0,0
624,90,0,0,0,0,1,3,1,4,4,4,6,6,8,5,4,8,5,14,5,5,0,4,3,0
625,17,0,0,0,0,0,2,1,2,2,0,4,3,0,1,1,0,0,0,0,0,1,0,0,0
626,214,0,0,0,0,1,5,8,14,22,14,14,11,16,17,13,11,15,22,8,8,10,2,3,0
627,201,0,0,0,0,0,9,10,15,12,14,14,14,10,13,11,15,13,15,9,10,7,6,3,1
628,499,0,0,0,0,2,11,14,20,34,34,24,24,39,33,42,38,38,45,37,32,18,7,7,0
629,259,0,0,0,0,0,4,5,12,14,18,7,14,23,12,15,24,17,17,26,11,19,14,6,1
630,268,0,0,0,0,1,2,8,11,15,15,15,16,28,11,15,19,22,23,18,18,13,17,1,0
631,230,0,0,0,0,1,4,4,18,17,13,14,15,17,17,21,20,19,12,11,9,7,4,7,0
632,883,0,0,0,0,1,9,21,40,30,44,43,49,48,71,62,60,69,80,64,61,59,43,27,2
633,407,0,0,0,0,2,7,17,14,22,25,23,32,23,21,21,21,33,30,35,26,26,19,9,1
634,108,0,0,0,0,0,3,6,12,15,4,8,3,6,4,5,7,5,6,9,1,4,4,4,2
635,750,0,0,0,0,2,21,48,57,59,69,44,46,52,49,45,38,33,60,36,33,22,21,13,2
636,166,0,0,0,0,1,14,14,13,12,14,7,7,10,4,7,5,12,10,7,8,8,4,6,3
637,167,0,0,0,0,0,2,11,14,12,10,6,13,12,8,7,12,25,11,8,3,6,5,2,0
638,36,0,0,0,0,1,3,0,1,3,2,3,1,0,3,3,0,4,3,2,2,1,3,1,0
639,27,0,0,0,0,0,3,0,0,5,2,1,2,2,2,1,1,1,2,1,2,0,2,0,0
640,54,0,0,0,0,0,4,5,6,2,5,3,3,3,3,3,4,8,2,1,1,0,0,0,1
641,445,0,0,0,0,1,16,26,30,34,28,18,23,29,27,31,22,33,37,22,27,17,14,9,1
642,49,0,0,0,0,0,2,0,2,5,6,1,3,6,4,3,4,7,0,0,1,1,1,3,0
643,129,0,0,0,0,1,5,9,5,7,7,12,9,14,8,7,5,4,7,7,5,8,2,5,2
644,33,0,0,0,0,0,1,2,4,4,6,0,3,4,1,1,2,0,1,1,2,0,1,0,0
645,182,0,0,0,0,0,5,11,25,18,6,12,10,8,9,13,12,11,8,9,11,9,3,1,1
646,211,0,0,0,0,1,8,9,12,8,13,14,17,10,14,23,8,17,16,8,10,11,9,3,0
647,25,0,0,0,0,0,1,0,1,0,2,3,4,1,1,1,1,3,1,2,4,0,0,0,0
648,51,0,0,0,0,0,0,5,4,8,1,3,4,5,5,2,3,0,7,0,0,2,2,0,0
649,9,0,0,0,0,0,0,0,0,1,0,1,0,2,0,0,0,0,0,1,1,2,1,0,0
650,82,0,0,0,0,0,2,5,7,8,5,4,7,5,3,4,5,6,4,5,3,5,3,1,0
651,45,0,0,0,0,0,1,3,4,1,4,4,4,1,4,2,2,5,4,2,1,1,0,1,1
652,9,0,0,0,0,0,0,0,1,2,0,1,0,0,1,1,0,0,0,0,0,0,2,1,0
653,16,0,0,0,0,0,0,3,1,2,2,0,0,2,2,1,1,0,0,0,0,1,0,0,1
654,88,0,0,0,0,0,4,5,6,7,8,7,1,6,2,7,7,4,10,2,6,3,2,1,0
655,266,0,0,0,0,2,7,18,18,35,13,15,16,19,13,18,19,21,17,5,13,6,8,2,1
656,51,0,0,0,0,0,2,0,2,6,4,4,2,4,2,5,2,5,3,5,2,2,1,0,0
657,33,0,0,0,0,0,0,3,1,1,2,2,3,3,2,1,3,4,5,0,0,1,1,1,0
658,5,0,0,0,0,0,0,1,0,1,1,0,0,0,0,0,1,1,0,0,0,0,0,0,0
659,158,0,0,0,0,1,2,10,16,16,8,11,9,15,9,11,13,10,5,6,5,6,2,3,0
660,11,0,0,0,0,0,1,2,1,1,1,0,1,0,0,0,0,0,0,2,2,0,0,0,0
661,98,0,0,0,0,1,3,5,9,9,5,7,2,4,10,3,3,7,4,5,8,6,4,2,1
662,169,0,0,0,0,1,4,7,11,14,13,9,8,11,8,10,23,16,10,6,5,6,2,5,0
663,68,0,0,0,0,0,3,2,3,4,3,2,3,8,3,0,7,10,7,6,2,3,1,1,0
664,222,0,0,0,0,1,6,6,19,19,18,14,15,11,11,16,10,20,20,14,8,8,3,3,0
665,165,0,0,0,0,0,2,4,6,10,7,10,8,14,12,14,16,16,14,14,7,4,4,2,1
666,161,0,0,0,0,0,6,12,11,17,15,9,10,4,10,16,8,7,7,12,6,6,4,1,0
667,777,0,0,0,0,4,13,23,34,39,31,43,55,55,55,54,62,52,77,57,46,40,22,11,4
668,361,0,0,0,0,4,9,16,23,30,31,23,23,27,25,15,23,21,29,19,11,12,11,8,1
669,180,0,0,0,0,1,7,8,11,19,10,10,13,15,7,6,14,14,15,10,5,3,6,5,1
670,61,0,0,0,0,0,1,0,0,2,1,4,5,3,3,5,3,5,8,7,10,1,2,1,0
671,177,0,0,0,0,0,1,7,7,11,8,6,10,15,12,14,13,16,16,20,8,5,5,3,0
672,76,0,0,0,0,0,5,5,3,4,6,4,3,3,7,0,4,9,3,4,4,6,5,1,0
673,258,0,0,0,0,2,4,14,16,19,16,17,15,14,25,11,11,20,22,15,15,10,4,5,3
674,163,0,0,0,0,1,3,7,13,11,11,6,10,11,9,13,7,15,7,12,7,10,8,2,0
675,143,0,0,0,0,0,8,6,10,12,10,16,8,13,6,10,7,12,9,3,5,3,4,1,0
676,137,0,0,0,0,0,1,6,10,10,6,4,17,8,10,7,9,11,12,10,7,6,2,1,0
677,22,0,0,0,0,0,0,1,0,1,0,1,0,0,2,1,5,4,3,0,2,1,1,0,0
678,10,0,0,0,0,0,0,0,1,0,0,1,0,1,0,3,0,1,0,0,1,0,1,1,0
679,26,0,0,0,0,0,3,0,0,3,0,2,1,2,0,2,0,1,2,4,2,3,1,0,0
680,40,0,0,0,0,0,0,3,5,2,4,4,2,0,3,1,2,3,1,2,2,3,2,1,0
681,6,0,0,0,0,0,0,1,0,0,1,0,0,0,0,1,0,0,2,0,0,0,0,1,0
682,199,0,0,0,0,2,3,7,8,7,8,14,8,13,17,13,29,19,19,13,9,6,3,1,0
683,218,0,0,0,0,1,2,5,5,8,5,17,16,17,14,17,24,24,25,7,8,17,4,2,0
684,159,0,0,0,0,1,1,5,7,4,5,7,9,14,14,15,12,17,16,12,3,8,7,2,0
685,47,0,0,0,0,0,1,3,4,1,3,2,3,3,2,5,1,6,3,3,3,2,1,1,0
686,108,0,0,0,0,2,0,8,6,11,7,3,8,9,5,4,6,4,7,14,4,4,4,2,0
687,105,0,0,0,0,1,0,1,5,4,7,12,8,10,6,7,8,4,7,5,8,9,3,0,0
688,230,0,0,0,0,1,0,7,10,12,10,9,30,24,23,17,31,11,9,5,6,17,7,1,0
689,80,0,0,0,0,0,1,1,1,1,4,5,4,7,6,5,6,7,11,5,3,4,9,0,0
690,41,0,0,0,0,2,0,0,3,2,1,2,3,6,1,3,1,7,3,3,1,0,1,2,0
691,56,0,0,0,0,0,1,2,5,6,2,4,1,1,2,5,5,3,2,3,5,5,2,2,0
692,28,0,0,0,0,0,2,0,1,0,1,3,2,2,2,1,1,4,3,1,1,4,0,0,0
693,54,0,0,0,0,0,0,2,3,6,3,2,4,3,2,8,3,4,6,3,4,0,1,0,0
694,90,0,0,0,0,0,3,0,4,5,5,6,6,7,4,7,8,9,12,4,1,6,2,0,1
695,96,0,0,0,0,0,1,0,1,2,4,3,3,5,13,7,11,12,15,8,4,2,2,3,0
696,34,0,0,0,0,0,1,2,1,1,1,0,2,2,0,1,5,2,9,1,2,4,0,0,0
697,20,0,0,0,0,0,0,2,2,0,2,2,0,2,1,4,0,1,2,2,0,0,0,0,0
698,37,0,0,0,0,0,1,2,2,2,0,3,3,4,1,2,0,8,2,3,2,1,0,1,0
699,41,0,0,0,0,0,1,0,4,4,1,1,3,3,3,5,0,4,4,3,2,1,2,0,0
700,66,0,0,0,0,2,1,2,2,7,3,0,4,6,4,4,7,5,4,2,3,4,3,3,0
701,36,0,0,0,0,0,1,1,1,4,3,0,2,2,2,2,4,2,5,2,3,0,0,2,0
702,59,0,0,0,0,1,1,2,5,7,0,1,2,5,5,3,3,8,6,5,1,2,1,1,0
703,21,0,0,0,0,0,1,1,0,1,0,1,2,2,3,0,1,2,2,1,3,0,0,1,0
704,58,0,0,0,0,0,1,3,5,3,3,4,6,3,5,2,4,4,5,4,2,3,1,0,0
705,31,0,0,0,0,0,0,1,2,1,0,1,5,2,0,2,0,5,2,2,3,2,1,2,0
706,124,0,0,0,0,0,2,2,5,4,5,4,8,7,15,10,6,24,14,5,3,5,3,2,0
707,27,0,0,0,0,0,0,0,1,2,0,0,2,2,1,0,3,3,3,4,2,1,1,1,1
708,25,0,0,0,0,0,0,1,2,4,0,0,2,1,1,2,4,0,4,3,0,0,1,0,0
709,78,0,0,0,0,0,1,0,7,3,4,1,4,7,5,6,4,7,11,7,1,5,2,2,1
710,21,0,0,0,0,0,1,1,1,1,3,1,2,1,0,2,1,2,3,0,0,0,2,0,0
711,29,0,0,0,0,0,3,1,1,2,0,1,1,3,4,1,2,4,1,1,1,0,3,0,0
712,73,0,0,0,0,0,1,5,6,4,6,4,2,5,6,3,4,6,6,6,3,3,3,0,0
713,155,0,0,0,0,0,3,3,3,6,10,9,6,12,12,12,15,13,20,7,8,6,5,3,2
714,85,0,0,0,0,0,0,1,4,2,1,6,7,4,4,7,4,17,14,7,2,2,2,1,0
715,97,0,0,0,0,0,3,2,3,6,6,1,4,8,7,3,10,9,16,6,5,2,4,2,0
716,163,0,0,0,0,1,2,2,6,8,6,12,8,7,13,15,11,18,24,15,3,5,4,3,0
717,145,0,0,0,0,1,1,2,5,8,9,5,4,9,9,10,9,16,22,10,10,7,5,2,1
718,163,0,0,0,0,0,1,2,3,7,9,12,4,8,10,11,10,14,26,16,6,14,3,6,1
719,273,0,0,0,0,1,4,3,6,8,7,18,19,13,17,15,21,22,47,29,16,7,7,9,4
720,78,0,0,0,0,0,2,0,4,4,2,4,6,4,1,5,10,10,17,3,2,3,0,1,0
721,149,0,0,0,0,0,2,0,5,6,3,12,11,8,11,12,13,20,21,14,2,5,2,2,0
722,92,0,0,0,0,1,0,2,2,1,4,11,4,6,6,7,12,8,15,4,1,4,1,3,0
723,87,0,0,0,0,0,6,3,3,3,3,2,5,13,6,5,7,10,6,3,7,2,2,1,0
724,63,0,0,0,0,1,3,2,2,3,0,5,6,4,6,5,6,8,3,3,0,3,2,1,0
725,221,0,0,0,0,3,8,9,18,9,10,6,12,10,10,12,21,29,19,15,14,7,3,5,1
726,199,0,0,0,0,4,2,5,7,7,10,9,12,13,14,10,17,23,19,16,12,6,8,4,1
727,214,0,0,0,0,2,1,5,10,8,7,11,15,16,23,19,18,18,19,10,8,6,13,4,1
728,63,0,0,0,0,0,2,1,4,3,4,4,1,1,6,4,7,10,5,3,3,3,1,1,0
729,115,0,0,0,0,0,1,2,9,1,11,5,7,7,8,8,14,13,11,5,2,5,3,2,1
730,374,0,0,0,0,0,5,12,20,18,20,21,22,22,13,19,27,32,38,39,26,16,11,10,3
731,129,0,0,0,0,2,1,1,6,8,11,3,10,8,5,10,10,15,13,9,8,5,3,1,0
732,72,0,0,0,0,0,1,2,4,4,4,4,4,3,8,3,2,6,13,7,3,2,2,0,0
733,129,0,0,0,0,0,3,5,3,14,8,7,8,13,6,7,9,16,13,10,3,2,1,1,0
734,39,0,0,0,0,0,0,2,1,0,6,1,5,1,2,6,5,4,2,0,2,1,1,0,0
735,113,0,0,0,0,0,2,3,5,4,8,7,12,7,10,8,8,11,8,12,4,2,2,0,0
736,47,0,0,0,0,0,2,0,1,3,1,5,2,2,2,5,4,5,6,4,0,3,1,1,0
737,80,0,0,0,0,0,0,3,1,3,10,5,7,5,5,3,1,8,13,5,2,3,4,2,0
738,80,0,0,0,0,0,1,4,8,4,4,4,2,5,4,5,3,10,14,2,3,2,2,3,0
739,69,0,0,0,0,0,1,3,10,5,5,5,6,5,4,1,4,3,5,4,5,0,1,2,0
740,39,0,0,0,0,0,0,1,6,5,3,3,3,3,1,3,3,3,1,1,0,1,0,2,0
741,38,0,0,0,0,0,0,0,2,4,3,4,5,0,2,2,2,6,2,2,1,1,1,0,1
742,95,0,0,0,0,1,0,2,3,9,9,5,4,7,3,16,6,8,7,6,2,5,1,1,0
743,115,0,0,0,0,0,1,0,4,3,3,4,7,9,10,13,8,13,9,12,7,4,4,3,1
744,121,0,0,0,0,0,2,1,4,5,7,6,6,7,9,8,4,8,18,14,6,6,6,4,0
745,53,0,0,0,0,0,2,4,1,5,4,4,1,3,2,5,1,2,6,5,4,0,3,1,0
746,29,0,0,0,0,0,1,1,7,2,4,2,0,3,3,0,0,2,0,2,1,1,0,0,0
747,130,0,0,0,0,0,0,1,7,8,15,9,3,3,16,17,10,7,11,7,7,2,3,2,2
748,187,0,0,0,0,1,0,8,4,8,4,6,9,9,13,15,16,17,16,12,10,16,12,11,0
749,27,0,0,0,0,0,0,0,1,1,1,0,5,3,3,2,2,0,3,2,0,0,0,4,0
750,30,0,0,0,0,0,0,1,0,3,2,1,3,0,0,4,3,2,1,2,4,1,0,3,0
751,160,0,0,0,0,2,2,12,9,11,12,6,12,10,10,6,10,9,16,10,8,6,5,4,0
752,86,0,0,0,0,1,0,1,0,1,7,1,1,6,8,5,7,12,17,1,9,4,1,4,0
753,22,0,0,0,0,0,0,0,1,1,3,1,1,2,3,0,3,2,2,1,0,0,0,1,1
754,69,0,0,0,0,1,3,1,14,5,4,3,4,5,3,3,7,4,4,1,3,3,1,0,0
755,76,0,0,0,0,0,1,0,0,2,4,2,1,6,8,3,9,8,9,9,3,8,2,1,0
756,81,0,0,0,0,0,3,5,5,5,6,3,4,6,7,9,6,4,4,1,3,5,3,2,0
757,75,0,0,0,0,0,0,2,5,8,8,4,9,6,7,7,5,4,6,1,1,1,0,0,1
758,128,0,0,0,0,2,2,4,7,11,11,15,9,3,6,9,11,11,4,7,6,4,5,1,0
759,49,0,0,0,0,0,0,2,9,2,5,5,3,3,2,0,4,1,4,1,1,3,2,1,1
760,119,0,0,0,0,1,1,9,7,14,5,3,10,10,5,7,5,3,7,14,6,2,7,2,1
761,42,0,0,0,0,1,2,0,0,1,1,5,1,2,5,4,3,4,4,4,3,0,1,1,0
762,10,0,0,0,0,0,0,0,1,2,0,0,1,0,0,1,1,0,2,0,1,1,0,0,0
763,100,0,0,0,0,0,3,5,9,5,8,8,9,4,4,6,9,6,5,10,3,3,1,2,0
764,91,0,0,0,0,0,1,5,4,6,10,7,3,7,8,10,3,2,11,10,2,1,0,1,0
765,74,0,0,0,0,0,2,9,5,5,7,4,6,5,6,4,1,5,5,2,4,3,0,1,0
766,121,0,0,0,0,1,7,2,9,3,8,12,7,6,9,6,11,8,4,13,5,4,3,3,0
767,110,0,0,0,0,1,2,2,5,4,5,11,6,7,5,7,8,9,7,4,8,10,8,1,0
768,55,0,0,0,0,1,2,6,5,3,6,3,3,6,4,5,4,3,2,1,0,1,0,0,0
769,22,0,0,0,0,0,0,1,1,2,3,2,1,2,1,0,0,3,0,1,4,0,1,0,0
770,9,0,0,0,0,0,1,0,1,2,1,1,1,0,0,0,0,0,0,0,1,1,0,0,0
771,106,0,0,0,0,0,3,10,6,10,14,5,6,4,7,9,5,5,7,5,2,1,5,2,0
772,240,0,0,0,0,1,3,13,17,25,16,20,17,16,8,16,20,12,17,16,10,6,2,4,1
773,143,0,0,0,0,1,6,8,12,11,8,8,9,6,3,13,9,9,11,13,6,6,1,3,0
774,222,0,0,0,0,0,8,13,26,24,10,13,13,12,13,21,10,10,15,8,7,9,7,3,0
775,594,0,0,0,0,1,16,28,38,36,38,35,36,47,36,29,48,33,47,49,28,17,20,12,0
776,19,0,0,0,0,2,1,0,1,2,4,0,1,1,0,0,3,0,0,1,1,0,2,0,0
777,7,0,0,0,0,0,1,0,1,1,1,1,0,0,0,0,0,1,0,0,0,0,0,1,0
778,15,0,0,0,0,2,1,1,1,2,2,2,2,1,0,0,1,0,0,0,0,0,0,0,0
779,13,0,0,0,0,0,0,0,1,0,1,0,2,0,2,2,0,3,0,0,0,1,0,1,0
780,306,0,0,0,0,0,2,3,9,4,11,16,15,22,29,31,23,24,24,24,24,26,18,1,0
781,287,0,0,0,0,2,6,22,29,23,20,16,29,18,13,22,11,20,17,15,10,6,6,2,0
782,148,0,0,0,0,0,8,11,10,16,11,19,9,11,5,10,7,8,3,9,6,2,0,3,0
783,78,0,0,0,0,1,2,7,11,8,5,8,4,4,3,2,4,4,2,8,3,1,0,1,0
784,176,0,0,0,0,0,2,12,16,16,9,10,12,15,7,10,10,15,9,13,3,5,4,7,1
785,248,0,0,0,0,4,6,19,17,17,17,18,15,16,15,11,6,16,19,14,10,8,8,9,3
786,56,0,0,0,0,1,4,4,7,5,7,4,1,5,2,2,1,4,3,3,1,1,1,0,0
787,370,0,0,0,0,2,5,22,30,32,26,19,22,20,26,23,23,26,29,20,17,8,10,10,0
788,385,0,0,0,0,3,8,31,33,25,36,19,29,28,23,18,29,21,21,24,9,10,13,5,0
789,252,0,0,0,0,0,1,11,20,15,28,16,23,14,21,24,10,24,14,17,5,3,4,2,0
790,137,0,0,0,0,0,0,2,11,12,8,10,16,10,9,10,9,8,15,5,6,5,1,0,0
791,234,0,0,0,0,0,2,8,20,25,26,20,11,18,18,13,11,18,15,7,9,3,5,4,1
792,389,0,0,0,0,1,5,18,23,26,30,31,21,29,27,19,27,29,28,29,9,22,9,6,0
793,219,0,0,0,0,1,4,4,16,12,19,11,16,9,8,16,16,18,22,15,14,4,11,3,0
794,143,0,0,0,0,1,2,4,13,8,14,14,4,9,3,11,16,15,6,4,5,5,4,3,2
795,750,0,0,0,0,1,4,23,26,25,41,34,50,53,48,52,53,53,56,43,63,55,45,19,6
796,389,0,0,0,0,1,3,9,15,28,30,25,20,23,21,19,24,23,31,20,34,25,24,12,2
797,319,0,0,0,0,2,5,10,20,31,18,19,18,17,20,24,25,31,27,16,12,13,7,3,1
798,364,0,0,0,0,2,8,9,24,29,19,27,25,17,26,27,32,32,30,17,15,10,9,6,0
799,891,0,0,0,0,8,10,6,14,15,14,36,26,42,50,57,90,106,125,110,97,42,28,13,2
800,470,0,0,0,0,1,2,3,6,9,7,13,23,21,30,57,53,37,48,49,41,41,16,12,1
801,966,0,0,0,0,3,11,20,32,40,40,47,34,41,48,68,69,80,89,81,77,64,58,54,10
802,79,0,0,0,0,0,1,2,2,6,5,6,3,3,2,4,3,8,8,5,4,6,8,2,1
803,113,0,0,0,0,0,0,1,6,11,11,7,7,7,4,11,12,1,7,9,7,5,4,3,0
804,242,0,0,0,0,0,0,5,10,14,14,16,10,18,18,15,26,26,13,13,14,11,8,7,4
805,162,0,0,0,0,0,1,4,8,14,13,11,12,13,4,5,10,9,15,13,7,10,5,6,2
806,121,0,0,0,0,0,1,6,4,6,12,7,4,9,8,10,9,9,13,7,5,5,1,3,2
807,350,0,0,0,0,1,3,11,22,24,28,20,17,14,22,25,27,30,33,24,17,5,16,10,1
808,177,0,0,0,0,0,1,1,2,3,0,2,7,18,12,17,17,23,18,21,14,9,4,6,2
809,186,0,0,0,0,0,5,0,8,5,12,10,9,14,10,17,11,13,12,19,13,18,7,3,0
810,182,0,0,0,0,0,1,3,5,6,11,7,10,13,14,11,15,14,22,14,12,15,7,0,2
811,38,0,0,0,0,0,0,4,2,4,0,1,3,3,2,1,2,5,2,1,3,4,1,0,0
812,78,0,0,0,0,0,2,1,1,4,1,3,7,7,3,11,9,7,2,11,2,4,1,2,0
813,306,0,0,0,0,3,3,15,19,25,23,16,23,18,26,14,15,23,23,16,14,9,10,9,2
814,95,0,0,0,0,1,3,1,6,5,7,4,7,8,6,4,4,7,10,9,4,3,3,2,1
815,326,0,0,0,0,0,2,11,21,13,19,18,16,27,25,19,24,31,27,19,15,18,11,9,1
816,20,0,0,0,0,0,1,2,1,0,2,2,2,3,1,1,1,1,2,0,1,0,0,0,0
817,198,0,0,0,0,0,1,5,10,10,5,14,15,6,14,13,17,15,20,18,7,13,11,3,1
818,61,0,0,0,0,0,2,4,1,3,1,2,5,5,2,5,4,8,2,7,5,2,0,2,1
819,295,0,0,0,0,2,2,10,13,11,9,16,16,18,23,15,24,18,25,22,23,15,20,10,3
820,613,0,0,0,0,2,1,10,24,22,14,33,27,43,54,49,46,45,42,61,43,45,34,16,2
821,275,0,0,0,0,1,5,9,19,15,17,18,17,15,15,13,32,34,25,10,8,9,8,4,1
822,159,0,0,0,0,3,5,8,8,18,8,13,16,5,10,8,8,18,8,10,7,2,2,2,0
823,76,0,0,0,0,0,4,4,7,6,2,10,7,4,7,3,4,2,5,5,2,1,1,2,0
824,62,0,0,0,0,0,3,2,3,7,4,2,3,7,1,5,7,4,3,5,2,3,1,0,0
825,35,0,0,0,0,0,1,3,1,5,2,1,1,3,1,1,2,5,1,2,2,2,1,1,0
826,55,0,0,0,0,0,1,1,2,2,3,3,2,3,0,6,6,4,10,2,3,5,2,0,0
827,36,0,0,0,0,0,0,0,2,1,1,0,3,4,1,2,2,4,7,2,0,2,3,2,0
828,41,0,0,0,0,0,0,3,2,2,2,2,6,3,1,2,2,5,2,0,3,6,0,0,0
829,30,0,0,0,0,0,1,1,1,3,1,1,5,3,3,1,3,0,2,2,1,1,0,1,0
830,46,0,0,0,0,0,1,3,2,5,3,2,0,6,0,1,4,5,2,6,1,3,1,1,0
831,31,0,0,0,0,1,2,0,2,1,2,4,2,2,2,1,0,2,1,6,0,2,0,0,1
832,305,0,0,0,0,0,12,17,25,24,19,17,19,21,16,16,19,18,20,9,15,14,14,9,1
833,50,0,0,0,0,1,2,2,2,4,2,1,4,5,5,3,1,5,4,2,1,2,3,1,0
834,253,0,0,0,0,1,6,4,8,9,10,11,16,18,10,19,25,28,34,26,15,3,7,2,1
835,309,0,0,0,0,1,2,3,9,6,8,16,15,32,20,34,38,33,29,25,12,13,8,4,1
836,58,0,0,0,0,0,1,2,2,2,8,3,3,4,5,5,6,8,4,2,1,0,2,0,0
837,30,0,0,0,0,0,0,1,3,2,3,4,1,0,2,1,3,1,4,1,1,1,1,1,0
838,67,0,0,0,0,0,2,1,7,7,5,4,5,5,4,3,6,0,8,1,4,4,0,1,0
839,124,0,0,0,0,1,3,2,6,8,8,12,8,6,9,9,11,11,5,11,6,2,1,4,1
840,57,0,0,0,0,1,1,1,2,2,1,2,3,2,3,10,5,5,3,5,3,6,1,0,1
841,65,0,0,0,0,0,1,2,2,2,1,1,8,7,4,6,5,3,5,6,6,3,2,1,0
842,182,0,0,0,0,0,5,5,5,5,6,12,1,10,13,17,10,19,20,18,15,8,8,5,0
843,94,0,0,0,0,1,2,6,3,8,5,8,3,8,7,5,7,4,13,4,5,1,3,1,0
844,91,0,0,0,0,0,2,1,5,9,9,4,11,7,4,8,12,6,6,3,2,1,1,0,0
845,75,0,0,0,0,0,2,4,5,6,4,2,2,3,4,5,4,8,5,8,6,4,3,0,0
846,54,0,0,0,0,0,3,1,3,0,6,4,3,1,1,5,7,6,4,4,1,2,1,2,0
847,34,0,0,0,0,0,2,1,3,2,2,1,4,1,3,0,2,6,4,2,1,0,0,0,0
848,200,0,0,0,0,2,2,4,2,6,4,7,15,13,18,13,17,23,16,18,13,14,9,4,0
849,139,0,0,0,0,1,0,6,14,12,14,5,6,8,11,12,8,13,9,5,5,4,2,3,1
850,66,0,0,0,0,0,0,1,5,1,5,4,1,4,7,4,8,5,4,8,4,4,0,0,1
851,76,0,0,0,0,0,3,0,2,5,9,7,1,6,4,4,5,5,7,4,6,3,2,1,2
852,154,0,0,0,0,2,0,3,6,16,9,10,7,9,5,15,12,11,14,13,6,6,8,1,1
853,126,0,0,0,0,1,2,6,13,9,9,6,11,9,8,5,10,11,6,4,8,3,4,1,0
854,71,0,0,0,0,2,1,3,7,3,8,1,6,3,2,5,6,4,3,8,2,1,4,2,0
855,31,0,0,0,0,0,1,1,3,0,5,1,0,3,2,3,2,3,2,4,0,1,0,0,0
856,94,0,0,0,0,3,2,6,9,5,11,6,7,5,7,8,6,3,3,5,2,1,3,2,0
857,52,0,0,0,0,2,2,3,6,2,4,5,1,1,5,1,5,2,1,5,3,2,1,1,0
858,137,0,0,0,0,1,6,10,11,10,12,9,5,7,7,9,5,9,8,10,6,6,0,5,1
859,108,0,0,0,0,2,6,5,4,5,8,6,6,12,10,7,9,4,6,8,4,4,1,1,0
860,149,0,0,0,0,1,0,6,7,14,14,9,8,7,6,12,7,13,11,7,9,11,3,3,1
861,146,0,0,0,0,2,2,9,11,12,10,13,8,5,8,6,9,6,15,9,5,9,4,3,0
862,189,0,0,0,0,1,4,10,14,15,13,14,22,9,7,12,11,12,13,8,6,5,9,3,1
863,119,0,0,0,0,0,3,6,10,7,7,7,12,5,4,7,5,15,9,4,1,7,6,4,0
864,109,0,0,0,0,0,2,4,9,9,8,7,9,10,9,5,4,6,6,2,6,5,3,4,1
865,220,0,0,0,0,3,6,8,13,9,13,16,13,21,11,13,12,15,23,13,8,8,9,5,1
866,26,0,0,0,0,0,0,3,2,3,1,0,1,3,3,0,4,4,1,1,0,0,0,0,0
867,72,0,0,0,0,0,1,0,3,4,5,5,9,4,5,4,7,5,7,2,6,2,2,1,0
868,256,0,0,0,0,4,3,14,15,18,12,15,17,22,19,7,23,21,20,13,13,11,5,3,1
869,30,0,0,0,0,0,0,1,3,2,8,0,2,2,2,1,2,0,0,2,1,3,1,0,0
870,102,0,0,0,0,1,4,9,6,7,3,4,5,16,8,6,7,6,7,2,3,4,2,2,0
871,165,0,0,0,0,1,1,9,12,17,14,9,8,7,11,15,9,10,9,14,8,5,4,2,0
872,270,0,0,0,0,0,2,12,27,16,19,17,18,18,20,21,18,16,20,17,9,6,8,5,1
873,26,0,0,0,0,0,0,0,1,1,0,2,1,0,6,3,2,4,1,2,3,0,0,0,0
874,92,0,0,0,0,2,4,8,8,7,4,8,6,6,4,5,6,3,7,1,2,7,4,0,0
875,147,0,0,0,0,0,5,10,10,14,14,9,10,10,10,5,11,5,11,3,8,7,2,2,1
876,248,0,0,0,0,0,5,9,7,10,16,17,23,16,18,15,17,16,22,23,11,15,4,4,0
877,222,0,0,0,0,0,5,5,6,12,9,18,18,18,14,15,19,22,19,11,8,8,5,9,1
878,90,0,0,0,0,0,1,3,4,4,10,8,7,7,5,7,8,10,6,5,1,2,1,1,0
879,211,0,0,0,0,1,3,14,10,16,13,13,14,14,19,10,14,13,11,12,14,7,8,5,0
880,212,0,0,0,0,2,4,16,18,21,19,11,11,15,9,14,12,15,10,10,8,7,4,4,2
881,128,0,0,0,0,3,2,6,8,12,5,11,8,8,7,5,9,11,14,5,3,6,3,2,0
882,253,0,0,0,0,1,6,29,28,21,19,22,13,18,9,12,9,14,13,8,11,8,7,5,0
883,314,0,0,0,0,2,8,12,23,19,13,19,25,23,15,20,20,15,33,18,22,16,8,2,1
884,45,0,0,0,0,1,1,3,3,4,2,3,4,4,2,3,4,5,2,0,1,1,1,1,0
885,37,0,0,0,0,0,0,2,2,5,5,3,3,1,3,1,3,3,1,2,1,0,2,0,0
886,245,0,0,0,0,2,3,18,20,20,15,17,16,18,14,15,9,16,18,13,9,7,8,6,1
887,9,0,0,0,0,0,0,0,0,1,1,1,1,0,1,1,1,1,0,0,0,0,0,1,0
888,688,0,0,0,0,3,15,58,71,69,59,41,34,37,42,36,36,42,37,34,26,21,16,10,1
889,285,0,0,0,0,2,10,15,26,19,16,16,17,12,16,14,24,19,31,10,16,10,5,7,0
890,42,0,0,0,0,1,2,2,4,2,2,3,4,2,0,3,4,3,3,2,1,0,3,1,0
891,73,0,0,0,0,1,4,5,2,8,3,5,3,5,4,4,6,11,1,4,2,1,2,2,0
892,3,0,0,0,0,0,0,0,0,0,2,0,0,0,0,1,0,0,0,0,0,0,0,0,0
893,9,0,0,0,0,0,1,0,1,1,1,2,0,1,0,0,0,0,1,0,0,1,0,0,0
894,53,0,0,0,0,0,0,2,6,8,7,5,2,3,2,2,1,2,5,2,1,2,2,0,1
895,670,0,0,0,0,2,14,22,25,31,49,62,51,44,39,44,44,49,43,39,36,28,24,19,5
896,138,0,0,0,0,0,6,6,10,10,14,7,13,11,5,9,9,10,8,6,3,4,5,2,0
897,2042,0,0,0,0,7,32,37,61,68,82,87,107,110,136,148,147,199,166,149,122,103,103,125,53
898,332,0,0,0,0,0,6,7,17,23,27,30,26,16,14,17,24,14,21,14,19,13,17,18,9
899,443,0,0,0,0,2,6,12,12,20,40,32,26,36,39,44,36,35,37,20,15,8,8,11,4
900,536,0,0,0,0,0,6,9,18,21,34,30,37,33,34,48,57,52,46,33,40,17,14,5,2
901,201,0,0,0,0,1,4,11,11,20,14,18,21,12,12,12,14,9,8,13,8,7,5,1,0
902,1095,0,0,0,0,5,19,24,46,48,64,74,67,74,79,79,74,69,81,72,51,59,45,49,16
903,2058,0,0,0,0,6,19,30,46,59,72,104,114,128,128,160,161,186,186,140,144,137,144,77,17
904,859,0,0,0,0,2,4,6,11,8,20,26,42,48,57,76,74,78,84,79,69,64,61,42,8
905,39,0,0,0,0,0,2,2,6,3,5,3,0,1,1,4,0,1,5,3,1,0,1,1,0
906,655,0,0,0,0,1,9,18,31,55,47,56,54,56,40,33,39,53,48,33,25,26,14,11,6
907,27,0,0,0,0,0,0,1,1,3,5,1,0,4,2,2,1,1,0,2,1,1,2,0,0
908,502,0,0,0,0,1,10,9,17,39,34,35,38,32,31,35,32,32,56,24,20,24,18,11,4
909,466,0,0,0,0,0,5,9,24,26,32,37,32,32,32,29,27,31,41,31,25,20,11,19,3
910,245,0,0,0,0,1,4,15,17,24,23,16,22,17,14,17,11,10,9,16,13,7,5,3,1
911,382,0,0,0,0,0,7,11,21,29,16,36,28,27,29,30,33,26,23,26,16,8,10,4,2
912,120,0,0,0,0,0,1,8,6,19,11,12,9,4,7,2,7,7,4,6,4,4,6,3,0
913,368,0,0,0,0,0,9,6,22,22,41,30,28,29,29,32,23,23,21,25,9,6,7,4,2
914,490,0,0,0,0,1,3,10,20,33,38,35,43,35,28,24,34,29,26,22,33,32,20,18,6
915,458,0,0,0,0,0,7,10,29,29,41,39,39,33,23,26,28,22,26,26,28,20,18,8,6
916,507,0,0,0,0,3,7,8,23,36,40,43,43,29,39,37,29,32,35,23,29,20,21,3,7
917,636,0,0,0,0,2,11,28,48,58,53,57,48,44,32,29,30,44,38,37,32,14,17,10,4
918,75,0,0,0,0,0,0,1,7,8,9,11,6,7,3,1,3,5,4,1,3,5,1,0,0
919,94,0,0,0,0,0,1,3,5,8,7,4,3,8,3,7,7,6,4,8,3,6,8,2,1
920,209,0,0,0,0,0,3,8,10,13,12,18,12,10,13,6,15,17,17,12,16,11,5,10,1
921,96,0,0,0,0,2,0,1,3,6,8,5,6,4,7,3,6,11,6,8,4,5,5,6,0
922,226,0,0,0,0,1,6,7,16,22,16,13,10,14,17,17,9,7,11,16,10,13,14,7,0
923,138,0,0,0,0,0,3,2,7,11,9,8,9,4,4,8,6,7,8,14,9,9,10,5,5
924,243,0,0,0,0,3,2,6,15,19,17,15,10,11,13,8,15,8,17,13,22,20,17,9,3
925,287,0,0,0,0,2,4,8,15,11,16,20,19,20,9,23,22,30,35,18,15,7,8,4,1
926,34,0,0,0,0,0,2,1,3,4,2,2,2,2,2,3,2,3,0,3,2,1,0,0,0
927,265,0,0,0,0,0,6,2,12,23,16,15,25,15,18,16,14,15,17,15,18,15,10,10,3
928,135,0,0,0,0,0,1,3,8,12,14,17,6,4,10,14,14,9,9,6,2,0,5,1,0
929,60,0,0,0,0,0,0,3,5,7,7,5,6,8,2,2,4,1,2,1,2,3,2,0,0
930,241,0,0,0,0,1,4,7,16,20,16,12,20,9,15,17,11,14,24,13,17,7,10,6,2
931,396,0,0,0,0,2,3,6,21,20,28,24,36,26,17,30,27,33,48,30,19,16,7,2,1
932,845,0,0,0,0,1,5,5,15,20,28,34,37,50,42,73,87,93,110,89,67,61,22,4,2
933,242,0,0,0,0,0,2,6,16,27,29,23,21,12,11,9,11,15,21,10,11,8,4,3,3
934,433,0,0,0,0,2,6,9,21,38,46,36,25,32,21,23,33,26,30,34,25,14,6,6,0
935,638,0,0,0,0,1,6,14,36,41,59,57,45,43,45,44,30,43,44,37,33,24,12,20,4
936,747,0,0,0,0,2,11,22,35,39,60,49,64,48,50,49,47,53,46,44,45,36,32,13,2
937,317,0,0,0,0,0,5,5,17,27,34,24,21,24,20,17,23,24,23,18,14,7,9,5,0
938,147,0,0,0,0,0,7,4,3,11,12,10,12,9,9,9,10,12,10,7,5,11,6,0,0
939,53,0,0,0,0,0,1,2,4,3,1,4,6,2,4,6,4,5,3,4,1,0,2,1,0
940,90,0,0,0,0,0,0,6,3,7,5,10,12,8,2,6,7,8,4,3,4,0,3,2,0
941,74,0,0,0,0,0,0,1,3,4,6,5,5,8,7,6,2,2,11,3,7,3,0,1,0
942,51,0,0,0,0,0,0,1,4,3,3,4,5,3,4,4,4,2,4,5,1,2,1,1,0
943,177,0,0,0,0,1,4,11,11,11,15,19,15,10,4,10,10,9,12,16,9,6,0,4,0
944,170,0,0,0,0,1,5,8,14,15,13,14,8,8,11,7,11,11,10,17,7,2,4,3,1
945,156,0,0,0,0,1,2,11,13,27,13,12,14,7,7,6,7,9,6,10,3,3,2,3,0
946,53,0,0,0,0,1,0,0,1,0,2,4,3,1,3,5,9,7,6,5,2,1,3,0,0
947,219,0,0,0,0,1,2,2,3,8,5,10,11,15,11,23,20,19,30,13,20,12,9,5,0
948,390,0,0,0,0,2,1,5,9,19,22,24,34,33,27,24,40,29,45,21,13,20,9,7,6
949,663,0,0,0,0,1,12,20,32,44,53,41,52,39,46,50,53,51,48,40,28,25,17,11,0
950,351,0,0,0,0,1,6,24,32,38,19,15,16,18,19,19,22,26,25,32,14,13,10,2,0
951,283,0,0,0,0,1,10,18,20,28,23,26,17,13,21,14,18,19,19,10,9,7,6,3,1
952,638,0,0,0,0,5,7,28,30,42,43,43,31,45,45,36,44,51,49,43,36,32,20,7,1
953,175,0,0,0,0,0,2,1,4,10,5,10,13,9,17,17,10,13,14,15,15,8,8,4,0
954,120,0,0,0,0,0,6,3,3,8,4,8,1,8,10,13,12,10,8,13,6,5,2,0,0
955,154,0,0,0,0,1,1,1,1,1,1,1,5,11,10,7,9,19,24,14,14,11,12,10,1
956,30,0,0,0,0,0,0,2,0,1,0,2,2,3,1,3,5,4,2,1,2,0,1,0,1
957,280,0,0,0,0,2,7,11,14,14,16,19,22,16,20,16,15,34,31,22,11,5,5,0,0
958,550,0,0,0,0,2,6,14,20,27,19,33,45,38,26,54,56,57,51,38,28,17,13,6,0
959,135,0,0,0,0,2,1,5,9,5,4,10,8,16,11,6,8,5,9,9,8,8,7,4,0
960,145,0,0,0,0,0,2,11,8,7,8,10,6,18,12,11,11,8,12,10,4,3,2,2,0
961,37,0,0,0,0,0,2,1,2,2,2,1,2,2,3,2,3,3,7,1,1,1,1,1,0
962,131,0,0,0,0,0,7,8,10,9,13,11,5,10,11,7,6,9,11,4,4,1,4,1,0
963,50,0,0,0,0,0,2,3,6,3,6,1,2,4,1,2,4,2,2,6,2,3,0,1,0
964,95,0,0,0,0,0,2,3,7,5,8,4,5,5,5,6,9,9,14,7,4,1,1,0,0
965,145,0,0,0,0,3,3,7,7,6,11,9,16,11,9,10,7,12,8,4,8,7,5,2,0
966,143,0,0,0,0,4,4,4,6,8,12,15,8,8,11,9,10,10,11,6,5,5,4,3,0
967,167,0,0,0,0,3,6,2,9,8,9,7,12,6,11,10,16,16,16,13,10,5,4,2,2
968,57,0,0,0,0,0,2,5,2,3,8,5,4,2,1,6,4,2,5,1,4,0,2,1,0
969,189,0,0,0,0,1,5,13,17,17,14,11,11,9,12,6,17,12,6,11,8,10,7,2,0
970,146,0,0,0,0,0,4,5,4,7,11,11,11,12,11,9,12,9,11,6,5,9,7,2,0
971,171,0,0,0,0,1,9,4,6,2,9,8,16,15,12,13,13,14,16,14,8,6,3,2,0
972,494,0,0,0,0,1,5,14,16,17,28,45,35,43,33,23,34,38,32,33,36,27,22,9,3
973,165,0,0,0,0,1,3,0,5,6,11,12,11,17,6,19,10,21,9,12,7,5,5,4,1
974,116,0,0,0,0,2,3,6,11,10,8,7,6,6,6,4,7,6,10,10,3,4,3,3,1
975,84,0,0,0,0,1,0,1,1,1,10,6,5,11,4,3,4,10,8,5,6,4,2,2,0
976,61,0,0,0,0,0,3,3,1,1,7,4,4,4,7,5,5,2,2,5,3,1,2,1,1
977,1867,0,0,0,0,3,33,40,39,51,119,145,136,143,116,138,136,149,172,130,111,91,75,29,11
978,380,0,0,0,0,0,5,6,8,7,26,36,30,34,27,28,27,33,22,31,20,20,12,7,1
979,45,0,0,0,0,0,3,4,2,1,3,4,2,3,5,2,2,2,3,1,2,1,2,2,1
980,106,0,0,0,0,0,0,1,4,2,14,12,8,7,9,5,4,6,11,6,3,4,7,3,0
981,87,0,0,0,0,0,0,2,2,3,12,9,7,9,4,5,6,8,5,6,2,0,4,3,0
982,8,0,0,0,0,0,0,0,1,2,1,1,0,0,0,1,0,0,1,0,0,0,1,0,0
983,110,0,0,0,0,1,5,5,7,16,10,8,4,4,6,3,6,7,11,4,6,5,2,0,0
984,198,0,0,0,0,0,2,9,5,10,12,21,16,11,19,10,13,21,16,10,4,8,3,7,1
985,501,0,0,0,0,1,10,19,25,30,53,36,36,35,29,31,39,34,25,22,21,25,12,12,6
986,145,0,0,0,0,0,0,4,3,2,11,20,8,11,17,10,9,10,13,9,6,7,2,2,1
987,116,0,0,0,0,0,3,3,5,9,12,7,9,11,5,7,7,9,8,8,2,6,4,1,0
988,151,0,0,0,0,1,1,6,11,5,6,10,17,13,11,12,14,14,13,7,2,5,2,0,1
989,34,0,0,0,0,0,2,4,2,7,2,0,2,1,1,0,2,4,1,3,2,0,0,1,0
990,107,0,0,0,0,1,4,6,6,9,11,12,5,2,7,8,2,7,6,4,7,2,3,5,0
991,12,0,0,0,0,0,1,3,2,0,0,0,2,1,0,0,0,2,0,1,0,0,0,0,0
992,361,0,0,0,0,3,10,25,28,33,32,20,22,22,13,19,27,23,28,18,15,5,9,8,1
993,121,0,0,0,0,0,1,3,2,6,10,6,6,6,9,27,13,11,9,2,4,3,2,1,0
994,179,0,0,0,0,1,6,8,18,19,12,9,11,8,14,9,6,10,18,9,9,7,3,2,0
995,10,0,0,0,0,0,1,0,0,1,0,0,1,0,0,3,2,0,0,0,0,2,0,0,0
996,1,0,0,0,0,0,0,0,0,0,0,0,0,0,0,0,1,0,0,0,0,0,0,0,0
997,59,0,0,0,0,1,2,8,3,6,7,3,2,2,2,1,7,3,3,3,3,2,1,0,0
998,148,0,0,0,0,0,7,7,15,12,11,12,10,4,8,9,13,12,7,10,6,1,3,1,0
999,121,0,0,0,0,0,6,8,12,8,6,13,11,8,8,5,6,10,7,4,2,5,1,1,0
1000,33,0,0,0,0,0,3,1,3,3,1,1,4,2,4,0,2,5,3,1,0,0,0,0,0
1001,39,0,0,0,0,0,4,5,2,5,1,1,2,5,1,0,1,1,2,5,3,1,0,0,0
1002,7,0,0,0,0,0,1,0,0,1,0,2,1,1,0,0,0,0,0,0,0,0,1,0,0
1003,2,0,0,0,0,0,0,0,1,0,0,0,0,0,0,0,1,0,0,0,0,0,0,0,0
1006,394,0,0,0,0,3,16,21,32,29,20,33,24,19,18,15,29,26,26,24,18,19,9,10,3
1007,300,0,0,0,0,7,21,32,44,30,20,11,11,13,12,10,12,12,16,16,11,8,6,6,2
1008,27,0,0,0,0,0,1,0,4,0,4,1,2,2,3,2,2,2,2,1,1,0,0,0,0
1009,50,0,0,0,0,2,1,2,4,3,3,2,4,1,6,4,3,4,4,2,2,1,2,0,0
1010,110,0,0,0,0,0,6,11,14,10,14,5,9,6,2,6,8,6,5,2,1,2,0,3,0
1011,115,0,0,0,0,0,10,15,16,17,8,9,6,10,1,3,4,2,5,2,3,1,1,2,0
1016,28,0,0,0,0,0,1,2,0,1,1,2,1,0,3,0,1,4,5,2,1,1,0,1,2
1017,153,0,0,0,0,0,0,4,11,8,6,7,7,11,12,16,11,13,13,8,5,11,8,1,1
1018,162,0,0,0,0,0,3,6,7,15,9,7,10,15,13,8,17,5,15,11,5,7,7,1,1
1019,97,0,0,0,0,0,0,5,1,4,3,5,6,3,3,12,11,8,13,9,6,3,4,1,0
1020,134,0,0,0,0,0,4,4,4,8,15,9,14,6,9,6,5,10,5,15,6,6,5,2,1
1021,79,0,0,0,0,1,0,1,4,6,5,4,5,6,5,1,3,10,9,7,1,5,5,1,0
1022,20,0,0,0,0,0,1,3,0,0,2,1,1,2,0,1,2,4,1,1,1,0,0,0,0
1023,20,0,0,0,0,1,0,1,1,1,1,3,2,0,1,2,3,1,1,0,0,2,0,0,0
1024,46,0,0,0,0,0,1,2,4,3,9,2,3,1,1,0,4,3,4,0,2,0,3,4,0
1025,198,0,0,0,0,0,8,5,12,11,15,21,14,8,15,19,9,12,13,13,7,2,6,6,2
1026,112,0,0,0,0,1,3,4,4,5,6,14,6,6,6,10,7,8,8,9,5,4,3,2,1
1027,98,0,0,0,0,1,5,3,7,9,11,11,5,2,4,5,5,6,5,4,6,3,3,3,0
1028,66,0,0,0,0,1,1,1,1,1,5,0,5,5,5,4,6,4,8,9,5,4,1,0,0
1029,102,0,0,0,0,1,1,2,1,6,8,7,3,8,9,7,6,11,8,3,15,1,4,0,1
1030,62,0,0,0,0,0,0,0,1,1,1,1,5,4,8,6,2,9,7,5,5,2,3,2,0
1031,22,0,0,0,0,0,0,0,0,0,2,0,3,6,1,1,2,0,3,2,1,1,0,0,0
1032,247,0,0,0,0,2,5,3,7,12,5,11,14,15,19,19,18,23,24,19,21,10,14,5,1
1033,19,0,0,0,0,0,0,0,0,0,1,0,1,3,2,2,1,2,2,2,1,1,0,1,0
1034,42,0,0,0,0,1,0,2,2,2,2,3,4,2,0,4,4,1,5,2,2,5,1,0,0
1035,91,0,0,0,0,0,2,2,3,5,3,5,5,8,6,6,6,7,10,3,9,5,5,1,0
1036,79,0,0,0,0,1,0,1,5,3,3,9,5,5,1,8,5,6,10,8,3,3,1,2,0
1037,103,0,0,0,0,0,0,1,2,6,7,8,6,6,13,6,9,8,13,6,7,0,2,2,1
1038,193,0,0,0,0,1,1,6,9,7,7,8,9,14,18,11,13,28,28,12,7,4,7,3,0
1039,249,0,0,0,0,0,2,8,7,8,7,16,18,21,24,26,19,22,27,15,10,10,7,1,1
1040,208,0,0,0,0,2,7,8,18,15,15,18,18,12,15,13,8,12,15,9,4,10,6,1,2
1041,19,0,0,0,0,0,0,2,0,1,3,0,0,2,0,0,2,2,1,2,0,0,1,1,2
1042,2,0,0,0,0,0,0,0,0,0,0,1,0,0,0,0,1,0,0,0,0,0,0,0,0
1043,16,0,0,0,0,0,0,0,0,0,1,0,1,1,3,1,2,0,1,3,0,3,0,0,0
1044,28,0,0,0,0,0,0,0,2,0,2,0,5,3,5,0,0,4,0,2,5,0,0,0,0
1045,18,0,0,0,0,0,1,2,0,0,1,2,0,4,1,0,1,3,2,1,0,0,0,0,0
1046,77,0,0,0,0,0,1,1,1,3,5,4,1,7,6,16,2,13,6,6,2,2,0,0,1
1047,21,0,0,0,0,0,1,0,1,3,0,0,2,0,2,4,0,2,1,1,2,0,1,0,1
1048,24,0,0,0,0,1,0,2,2,1,2,2,2,0,2,1,2,2,1,1,0,0,1,1,1
1049,52,0,0,0,0,0,4,5,2,3,6,5,4,2,3,1,1,5,3,2,0,2,3,0,1
1050,81,0,0,0,0,1,1,5,6,7,6,5,2,8,3,6,5,6,8,4,3,2,1,2,0
1051,74,0,0,0,0,1,3,4,5,6,7,3,8,2,7,5,3,2,7,4,1,2,4,0,0
1052,51,0,0,0,0,0,0,3,4,5,3,2,2,5,3,2,6,2,5,3,2,2,2,0,0
1053,43,0,0,0,0,0,1,2,1,2,3,3,0,2,4,3,2,4,1,7,3,2,2,1,0
1054,40,0,0,0,0,0,1,2,2,0,0,2,1,7,4,2,2,7,3,1,1,2,3,0,0
1055,72,0,0,0,0,1,2,3,8,5,5,4,3,4,3,8,5,7,5,2,2,1,3,1,0
1056,7,0,0,0,0,0,0,1,0,0,0,0,1,0,0,1,1,0,1,0,1,0,1,0,0
1057,73,0,0,0,0,0,2,6,2,5,3,4,3,7,4,14,6,2,1,6,2,5,1,0,0
1058,38,0,0,0,0,0,1,2,2,4,3,2,2,2,0,2,6,3,2,4,0,0,1,1,1
1059,84,0,0,0,0,0,3,5,5,11,3,4,7,2,3,6,8,7,6,3,3,7,1,0,0
1060,116,0,0,0,0,1,4,9,7,11,10,8,8,6,5,2,8,4,6,13,5,6,2,1,0
1061,15,0,0,0,0,0,1,0,1,3,2,0,0,0,1,1,0,3,0,2,1,0,0,0,0
1062,66,0,0,0,0,0,1,2,5,6,2,3,5,7,4,11,6,2,3,2,3,3,0,1,0
1063,42,0,0,0,0,0,0,1,2,3,2,2,3,3,2,1,1,3,6,2,3,3,1,3,1
1064,132,0,0,0,0,0,1,3,4,4,6,8,8,10,8,14,12,9,18,14,6,3,4,0,0
1065,15,0,0,0,0,0,1,0,0,0,0,2,2,1,0,3,0,3,0,1,1,0,0,1,0
1066,164,0,0,0,0,0,3,5,8,15,14,12,11,12,11,16,8,12,10,10,6,3,2,5,1
1067,109,0,0,0,0,0,1,3,5,7,3,5,7,8,6,10,9,7,11,7,12,4,3,1,0
1068,215,0,0,0,0,1,2,14,15,11,10,14,24,13,6,11,16,18,19,11,12,9,4,4,1
1069,81,0,0,0,0,1,0,1,4,4,1,2,7,3,6,4,4,6,8,6,6,12,5,1,0
1070,358,0,0,0,0,0,9,20,23,29,25,24,22,20,20,24,21,24,26,23,12,13,14,9,0
1071,275,0,0,0,0,3,4,14,18,28,18,16,19,12,18,19,19,10,8,20,14,14,10,6,5
1072,389,0,0,0,0,1,10,25,36,29,29,24,26,17,24,18,24,25,25,23,12,21,9,9,2
1073,113,0,0,0,0,1,0,5,9,7,8,8,11,7,5,7,5,13,8,7,3,5,1,3,0
1074,152,0,0,0,0,1,3,5,8,5,5,8,10,10,9,12,25,23,10,5,5,3,3,2,0
1075,180,0,0,0,0,0,2,8,14,18,10,15,10,10,8,9,12,10,16,14,15,4,3,2,0
1076,237,0,0,0,0,0,2,3,6,6,21,22,22,25,16,20,13,23,15,10,11,9,7,5,1
1077,118,0,0,0,0,0,0,3,2,5,14,6,10,8,10,12,13,15,13,2,2,0,3,0,0
